route_id,route_name
210000076,96-1
210000079,021-1
210000080,98-1
241007117,1707동서울-성주
241002810,1732동서울-영해
234001709,P9243(출근)
234001710,P9243(퇴근)
241002200,8721의정부-충주
228000401,P9201(퇴근)
214000263,순환123A
228000398,P9241(출근)
241001920,8838-1천안-양평
234001044,37-31
241002070,8238평택-원주
214000269,순환122B
234001247,36-14
215000221,90-6
204000125,67
210000092,021
241002440,9270인천-강릉
210000096,8808
210000097,57-2
233000077,1000
233000010,33-1
204000115,602
210000101,67
200000023,83-1
241004760,8862
204000121,76
200000251,2-5
241003680,8504부천-인천-무안
200000253,27
213000001,7
200000054,82-1
200000268,400-2
239000005,40-5
214000026,100
200000070,11-1
200000095,3
200000055,25
241002510,9216인천-태백
239000014,40-2
239000078,30-7
239000010,30-5
233000378,H404
213000018,7-1
229000017,830
213000020,1
213000021,1-1
213000022,1-3
213000023,2
219000027,1900
240000112,7-11
240000110,7-10
219000005,82
210000036,70-3
232000024,공영(쇄암리)
229000018,66
214000004,20
236000013,55
222000215,6-6
222000013,23
200000013,999
232000110,M7145
241007046,8360문산-충주
241007120,6804성남-울산
241006843,8717의정부-동대구
222000032,1-4
241006775,5408강진-서수원
233000268,200
210000034,70
241007224,1351
207000094,12-1
207000095,10-5
204000172,4103
215000214,82-4
214000155,87-3
208000003,11-1
235000023,73-1
231000019,1-2
200000157,2-2
229000247,9710-1
234001293,911-2
234001593,1-23
229000033,93
234001118,33-5
231000088,5-1
221000035,G1690
234001663,33
214000016,7-3
229000127,93-3
234000029,96
222000052,95
229000128,93-4
234000058,92
214000015,7
241001650,8315수원-괴산
233000342,H104
208000031,19
233000327,G6010
234001011,36-6
208000034,3-1
241007011,2203원주-속초
241006794,8349(광명역-논산)
208000037,5-1
215000088,58-5
208000042,5
208000043,1
208000044,5-5
208000045,5-3
208000046,8
208000047,7
208000048,3
208000049,3-1
208000050,9
208000051,10-2
208000052,10-1
208000053,5-1
208000054,6
208000055,06
208000056,6-1
208000057,6-2
208000058,6-3
208000059,2-1
208000060,2
208000061,01
208000062,82
228000392,119
239000028,50-4
239000148,15-4
239000153,23-1
222000224,8-8A
228000251,92-1
210000049,56-1
241006590,7001
214000267,순환122A
210000004,55
200000237,5-2
210000052,57-1
210000015,5-2
200000282,5-3
210000018,5-5
200000294,7002예약
210000020,7-1
210000021,7-2
210000022,7-3
241006787,3500대전-전주
204000091,73
210000025,9
230000088,24-1
210000028,220
214000010,15-2
215000031,54-1
223000143,30(학통하교)
215000033,1-3
215000034,1-4
215000035,1-5
241002050,8223수원-원주
214000007,15-1
214000025,8-1
214000024,8-2
241001740,8231강릉-안산
214000029,49-1
214000172,7-7
214000031,49
214000033,57-3
223000135,202(학통하교)
241001670,8214수원-영월
214000036,13
214000038,14
214000162,7-6
223000134,202(학통등교)
241003840,8708부천-상주
214000049,3
216000090,51
241001440,8209성남-태백
214000248,1177
232000103,7100
204000155,누리4
215000036,1-6
207000009,1-1
204000084,331
234001224,23-80
200000032,16
241003720,8209-1성남-태백
234000462,23-8
205000003,3-1
241006904,3206대전-원주
214000071,86-1
241007017,3202충주-원주
214000076,92
241007016,3201청주-원주
204000026,52
241007015,3200제천-영월
234001456,21-9
204000171,53
234000077,500-5
229000145,064
214000104,57-4
214000105,81
206000003,300
214000109,49-3
214000110,49-2
232000099,9000
225000005,100-1
214000145,700
234001317,M5121
204000145,누리1
240000047,7-3
214000151,300
214000152,300-1
233000324,12
204000147,누리3
204000005,57
214000157,310-1
214000158,320
210000043,60
224000028,31-3
214000165,800
241007203,1308
214000167,5
228000424,5003A(예약)
200000249,2-1
200000306,27-8
234001727,35-17A
214000174,91-1
214000175,310-3
214000176,320-2
234001019,38-12
214000181,2-1
234000960,1-21
234001564,38-10
234001314,916
214000185,920
214000186,920-1
241001640,8387수원-충주
214000188,310-3
240000083,8-4
214000190,700
241007199,8516
240000085,8-5
240000142,8-44
222000014,73
222000133,330-2
234001738,500-2N
222000017,6-1
234001016,38-23
234001008,37-32
200000314,4000
232000039,86-1
215000216,83
229000158,038
229000242,93-11
214000201,77(3)
229000249,93-13
214000212,6
214000213,6-1
214000214,8
214000215,8-1
214000216,13A
214000217,13B
214000218,22
214000219,66A
214000220,66B
214000221,66-2
214000222,663
200000120,2007
215000030,100
233000275,H65
215000021,58
241002690,8243평택-춘천
228000399,P9241(퇴근)
232000116,G6002
228000405,P9211(퇴근)
214000223,666
234001128,23-94
234001271,1570
241003630,8542의정부-군산
215000039,1-9
215000040,1-10
215000041,1-11
215000042,50-3
215000044,51-3
215000045,51-4
215000046,51-5
215000047,51-6
234000069,1117
241006792,8338안산-태안
215000054,60-2
234001074,23-92
241002430,8850수원-인천
241006818,8343용인-천안
236000227,56-1
234001604,29-23
231000132,8-1
215000072,53-4
215000073,53-7
215000075,53-9
215000076,54-2
215000077,54-3
215000078,54-4
215000082,55-4
233000022,15
215000085,57-1
215000086,57-2
241002020,8543용인-전주
241001320,1307서초-남서울대
233000035,2-2
234001510,33-7
204000102,107
214000229,11-1
214000230,11
214000231,11-2
214000232,11-3
214000233,11-4
214000235,11-6
214000237,5-2
241006878,8326용인-세종-유성
214000239,80-2
233000059,11-5
241002280,8530-1여주-전주
214000242,23
214000243,14-1
234001158,34-12
234001557,918-7
241001550,8350성남-제천
222000201,땡큐11
241000720,1206동서울-정선
241000680,1210동서울-원주
241000470,1205동서울-태백
215000001,50-1
215000003,50-2
231000041,20-2
234001415,33-4
215000007,51-2
234001683,15-2
234001716,P9404(퇴근)
233000139,8155
234001239,1-20
233000085,23
227000045,배알미-01
233000062,11-4
227000039,9303-1
215000017,59
234001578,17-1A
234001567,21-19
234001661,2-3
241006570,8720부천-포항
240000121,4-5
234001722,155
241006490,8512부천-목포
215000026,1-1
215000027,1-2
215000208,91-3
224000007,25
215000063,61-1
224000051,13
228000113,9-1
232000132,김포똑버스01
236000225,69
213000026,77
236000023,73
204000020,33
216000005,30-7
234000435,21-31
234000436,21-3
200000078,62-1
230000128,21-1
234000441,20-54
240000171,40-10
216000012,70
216000015,314
213000012,100
216000018,31-3
234001615,20-42
234001110,29-70
234001472,20-41
216000022,78
233000087,42
216000024,78-1
216000025,72-1
241006680,8359고양-유성
200000265,30-1
216000032,33-1
234001509,35-17
234001732,933
241004230,3002동서울-와수리
241000830,1801인천-동서울
232000118,G6005
234001042,36-5
241000060,8329부천-진천
200000280,59
216000048,3-1
241000010,1329서초-진천
216000050,6-1
241007137,1329-1남부-죽산
216000052,1-1
216000053,2-1
241000330,8344고양-논산
216000056,5B
216000057,88-1
216000058,88-1
216000059,33-2
241006170,8317안산-천안
216000062,8848
241006180,8307시흥-대전
216000065,511-1
234000027,6900
204000087,3-2
234001690,1311A
218000042,017A
241007239,1323-1
215000212,81-3
217000011,5601
228000263,5007
229000257,19-4
204000089,3
217000006,61
218000004,05
216000011,55
204000088,3-1
231000099,50-8
230000127,21-2
231000056,50-7
218000016,37
204000143,73맞춤형
204000092,73-1
218000023,043
218000024,025
231000054,50-6
231000053,50-5
241007025,3305청주-충주
231000050,50-3
218000025,026
218000026,036
218000027,037
218000028,058
218000029,059
218000030,060
218000031,065
218000032,057
218000033,062
218000034,056(도촌)
218000035,056(멱절)
218000036,056(서촌)
218000037,061
218000038,015
218000039,018
218000040,019
218000041,016
218000043,013
218000044,077
218000045,076
218000046,093
218000047,094
218000048,011
218000049,012
218000050,066
218000051,068
218000052,069
218000053,090
218000054,091
218000055,032
218000056,031
218000057,035
218000058,030
218000060,023
218000061,024A
218000062,027
218000063,028
218000064,029
218000065,072
218000066,071
218000067,073
218000068,074
218000069,079
215000060,52-4
215000090,59-1
215000091,59-2
215000093,52-3
215000006,51-1
215000095,56-4
222000183,8-8
215000097,57-3
215000098,56-5
215000099,56-6
215000100,54-5
215000105,60-6
215000107,1-12
215000108,51-8
215000109,51-9
215000110,51-11
215000112,51-13
215000113,60-7
215000114,60-8
215000117,60-10
215000120,2-2
215000121,2-3
215000123,2-5
231000075,2-8
215000125,2-7
215000126,57-4
215000127,1-13
215000128,53-2
234001728,35-30
231000047,100-2
233000372,P9601(퇴근)
215000132,55-8
233000080,21
241006580,7000
215000135,55-11
233000267,28
233000027,3-1
241007165,7000A
214000035,96-1
232000109,33-1
214000149,22
214000042,21
241002220,8305이천-대전
241006881,8306여주-대전
233000272,8472
215000154,1-14
215000155,59-3
215000156,59-4
239000145,15-3
239000112,15
215000159,53-14
215000160,39-5
215000161,57-5
241006799,5801여수-고양
225000011,32B
222000196,7-9
233000047,8-3
215000167,60-9
229000020,80
217000010,35
216000017,33
215000172,54-2
215000173,53-2
215000174,51-7
215000175,51-10
215000176,80
215000177,80-1
236000222,3006
215000179,80-3
228000408,Y1202
241002210,5802광주광역-이천
241007215,N4000
215000204,51-8
216000036,31
222000136,1000-2
204000101,115
222000138,83
204000103,111
222000141,99
222000142,99-1
222000143,99-2
204000100,109
241002290,3806이천-청주
218000074,085
218000075,054
218000076,053
218000077,052
218000078,055
218000079,051
218000080,033
218000081,097
218000082,098
218000083,099
218000084,021
218000085,020
218000086,070
218000087,078
218000088,040
228000001,66
240000008,2000-2
218000089,041
218000090,042
218000091,045
218000092,048
218000093,075A
218000094,047
218000095,075B
218000096,046
218000097,038
218000098,050
218000099,010
218000100,039
241005910,5100신흥동-김포공항
241005880,8843-1마석-인천공항
241002600,9335인천-이천
233000142,6002-1
219000003,33
222000189,땡큐70
241003990,9701안동-인천공항
232000082,1
219000010,55-2
218000059,022
228000410,Y1302
219000017,76
219000019,20
200000255,27-1
239000076,40-3
220000011,31-20
241005070,8509
220000017,1
220000018,2
220000019,3
220000020,3-1
220000021,5
214000059,84-3
234000477,29-3
221000005,36-11
221000019,15-5
221000020,15-6
221000021,15-5
221000022,15-6
221000023,15-5
221000024,15-6
234000473,29-1
221000026,6
230000180,220
214000062,84-1
221000029,2-1
214000061,84-2
214000115,84-4
204000173,811
222000212,5-3
214000153,84-5
222000207,30-19
241007059,7600동대구-진해
233000322,G6009
217000001,1
228000071,71-1
214000020,1372
233000183,20-3(대광1차A)
228000159,9
229000072,G7111
229000274,3100N
239000006,43
229000041,150
222000025,10-6
239000055,30-4
229000061,2200
214000019,1371
207000059,23-1
228000201,72
228000056,71-2
233000136,6002
222000036,30-5
222000037,30-6
228000066,71
222000039,30-8
222000044,1115-7
241001130,8235부천-원주
232000113,8
232000114,8-1
222000051,3
222000053,8
222000144,99-2출퇴근
222000145,99-2단축
222000146,88-1
222000147,88-2
222000148,88-3
222000149,77
222000150,80
222000151,82A
222000152,82B
222000153,2
222000154,2-2
222000155,2-1
222000156,88
222000157,61
222000158,65
222000159,60
222000160,63
222000161,64
222000162,33
222000163,33-1
222000164,85
222000166,2017
221000027,7
241006380,8227시흥-강릉
241000920,1336-1동서울-청주
222000171,25
222000172,26
210000100,013-4
241000460,8133동서울-여주
200000315,7-1A
241000770,1327동서울-꽃동네
200000295,M5443예약
241006390,8228부천-강릉
241004670,8415안산-평택
200000016,50-2
241007002,1328동서울-대소-음성
233000273,8471
223000004,70
200000150,7800
241101730,8395수원-제천
221000028,2
223000021,70-2
221000038,7-1
241001100,8515부천-목포
221000039,2-2
223000025,77
223000026,50
241007094,9505인천-익산
223000029,111-2
223000031,700
222000054,8-1
241106795,1236-1서울-속초
241006782,3501대전-전주
239000082,30-2
241006650,1343서울-조치원
222000062,30-13
233000013,2
215000206,91-1
215000038,1-8
222000071,3-3
241006795,1236서울-속초
234000482,21-11
233000029,2-4
236000211,11-1
215000207,91-2
236000207,11
222000086,30-17
222000087,30-18
222000094,5
222000097,8
207000027,36
222000099,99
222000102,6-3
222000103,6-5
222000104,91-1
238000001,35
222000106,2
222000109,330-3
236000219,9-1
222000112,13
222000113,13-2
222000114,13-4
222000115,13-5
222000116,13-6
222000117,13-7
222000118,13-8
222000119,13-1
222000120,13-3
222000121,13-9
222000123,1115
222000124,8-2
222000125,74
222000126,1000-3
222000127,8002-2
222000128,2000-2
222000129,7007-2
222000130,1000-2
222000132,167-2
222000134,55-1
222000135,2015
241005950,7400중산마을-인천공항
234001526,32-2
234001657,37-3B
204000178,반디3
234000798,38-2
224000018,20
204000179,반디4
234001021,38-42
234001695,G3202
234000878,8100
224000023,31-1
234001735,2-7
224000025,63-1
224000026,20-2
234001656,37-3A
234001620,37-21
210000105,33
233000277,H67
224000031,37
224000032,120
241006050,5600문산-공항
241004250,3003도봉산-화지
234001737,8202
224000039,50
224000041,28-1
224000042,29-1
224000043,1
224000044,2
229000117,77-2
229000118,77-3
224000048,28-1
224000049,29-1
204000133,50-1
205000001,70
225000002,5
225000003,10
233000364,P9530(퇴근)
229000199,066
226000003,06
226000004,06-1
226000005,10-1
226000006,10
226000007,01
226000008,05
226000009,02
226000010,05-1
226000012,11
226000013,12
226000014,13
226000015,09C
226000018,09B
226000019,07B
226000020,07C
226000021,07D
240000178,50-2
234000476,24-5
234001697,6600
241007077,4300-1
234001475,28-83
240000128,1-41
223000130,30
204000107,8
222000012,202-1
200000056,25-2
204000154,78
227000025,6-1
227000026,7
227000027,8
227000028,2
227000029,20
227000030,2-1
227000031,1
227000032,7-1
227000033,50
227000034,5
232000047,8600
223000138,C1
204000108,77
223000139,C1
222000008,88
227000041,1
227000042,2
218000117,3400
214000251,315
234001388,952-3
218000015,M7119
228000014,20-1
237000100,953
222000175,99-1
204000018,100
234001014,36-10
234001495,953-2
241001770,8412안산-이천
234000040,119
234001499,953-3
234001590,1-22
228000065,91-2
237000054,960
234001560,912-4
241001120,8440부천-이천
228000083,93-2
222000203,1640
227000046,초이-01
228000098,83-1
228000101,86
228000107,96
237000059,961
234001403,961-1
241001630,8213수원-강릉
228000123,86-1
228000135,85-1
241007220,1351
228000142,94
228000144,94-1
228000145,85
215000203,1-9
241006951,1713-1동서울-포항(왜관)
228000150,97-1
233000096,27
241003030,1355동서울-연풍
233000049,8-2
223000034,7-2
223000040,7-6
223000048,10-1
223000049,10-4
223000051,7-7
221000036,1-8
223000057,72
233000057,8-1
223000071,78
241007062,8238-1평택-태백
215000202,1-4
234001537,28-55
241007053,4603안양-진주
223000083,710
223000084,720
241100050,9322인천-진천
223000089,220
240000019,6-3
223000095,711
223000096,221
223000097,230
223000098,222
241007243,N8842 광주-인천공항
232000112,82
223000101,200-1
223000102,202-1
223000103,8-1
223000104,7-1
240000036,9-3
223000106,7-3
223000109,90-1
223000093,200
234000884,1560
999000107,2222
223000110,90-2
223000112,77
223000114,500
223000115,100
223000116,123
223000117,10
223000118,88
223000119,53
234000556,35-3
241007212,N7200의정부-인천공항(고양)
234001235,8906
223000123,57
223000124,56-2
223000125,56
223000126,55
241007132,8608-1수원-울산
241007214,N7200-1(고양)
234001594,38-85
234001294,912
234001146,35-7
214000021,1108
234000132,2-2
234001203,1113-10
234001548,981-5
200000317,수원똑버스01
224000006,31-5
229000081,350
240000131,1-33
229000086,19-1
237000087,929-1
228000402,101
229000096,2300
222000065,30-20
229000098,777번
229000099,2000-1번
240000149,1-53
216000008,71-2
229000104,22-2
229000105,2500
229000106,351
229000107,16
222000198,30-21
240000132,1-43
228000167,83-3
235000011,75
228000170,2-1
228000172,85-2
214000260,평택똑버스01
240000150,1-63
222000040,30-12
241007055,8707안산-점촌
215000094,56-3
215000229,61
215000210,81-1
228000185,5800
228000189,81-1
240000179,77-4
241000510,1503 동서울-여수
241001741,8231-1안산-강릉
241000550,1706동서울-안동
241003670,8514성남-여수
240000004,1-7
999000108,3333
228000205,72-1
200000108,3003
249000001,개성공단
200000146,80
240000163,88-1
228000212,76-10
241006876,8207여주-원주
228000215,75-1
228000216,3-1
240000153,77-8
240000162,77-10
241006995,1231동서울-양평-홍천
228000237,13-1
228000243,82-2
228000244,87-2
228000245,87-3
228000247,87-1
204000040,340
200000077,5-1
204000039,330
240000160,77-1
228000257,98
240000159,77
240000155,22-2
228000260,14-2
228000261,13
234001145,35-4
228000225,76-11
228000264,89-1
228000265,6-1
208000068,M5556
234000083,12
241006908,8506수원-무안
234001705,3800
234001292,911-1
228000272,74-1
215000217,53-4
234000996,39-1
228000275,100
229000271,운정DRT
240000183,22-6
213000019,3002
228000279,2-2
228000280,77-1
234001573,38-52
228000282,5000-1
228000283,5005-1번
228000284,5005-1
229000013,17
227000009,80
227000013,82
227000014,83
241007032,3901증평-인천공항
227000018,82
234001034,35-36
227000020,100
227000021,3
227000022,3-1
227000023,10
227000024,6
228000312,5-1
228000313,99
228000314,88A
228000315,88B
228000316,35
228000317,35-1
228000318,35-2
228000319,35-3
228000320,23
228000321,20
228000322,23-1A
228000323,20-1A
228000324,23-2
228000325,20-2
228000326,20-1B
228000327,23-1B
228000328,22
228000329,40
228000330,57
228000331,57-1
228000332,59
228000333,25-1
228000334,24
228000335,39
228000336,39-1
228000337,57-2
228000338,29
228000339,59-1
228000340,39-2
228000341,39-3
228000342,33
228000343,34
228000344,36
228000345,31
228000346,28
228000347,33-1
228000348,31-1
228000349,34-1
228000350,34-2
228000351,28-1
228000352,54
228000353,19
228000354,51
228000355,51-1
228000356,18(A)
228000357,32
228000358,38
228000359,52
228000360,53
228000361,30
228000362,55
228000363,56
228000364,58
228000365,17(A)
228000366,17(B)
228000367,28-2
228000368,58-1
228000369,38-1
228000370,18(B)
228000371,28-3
228000372,45A
228000373,45B
228000375,5-1
228000376,26
228000377,21
228000378,26-1
228000379,21-1
228000380,26-2
228000381,21A
228000382,49
228000383,50
228000384,25
234000065,1005
224000024,520
234001545,930-8
234001680,912-6
222000216,58
234001027,38-14
234001010,36-9
234001684,36-8B
229000006,14
229000008,15
229000009,19
241002910,8136동서울-송탄
229000011,30-1
241007079,3804천안-이천
234001685,36-52
229000109,94
229000110,77-1
237000101,950
241002710,3803아산-이천
229000113,10-1
229000115,2100
234001624,907
234001603,950-1
234001550,950-3
229000119,77-4
229000120,77-5
237000099,952
229000122,14-3
229000123,14-2
229000124,14C
234001379,952-1
234000514,29-5
226000031,21-1
200000275,27-6
200000149,7790
200000283,3000(예약)
215000150,58-8
222000030,65-1
215000141,62-2
220000012,6
241006953,3300성남-연천
229000141,14-1
229000144,063
222000047,168
214000247,9-2
229000014,12-1
229000016,11-3
214000189,9-1
214000268,1353
229000019,50
217000005,511
229000031,91
214000051,35
200000301,999(임시)
234000755,22-1
234000317,32-1
229000037,51
234000009,32
200000305,400(임시2)
229000040,73
231000071,3-11
235000025,81-2
225000006,31
229000047,1-1
229000048,500
229000049,100-8
229000050,100-94
229000051,100-10
229000052,100-11
229000053,100-88
229000054,100-9
229000055,100-87
229000056,100-86
229000057,100-7
229000058,1-2
229000059,1-3
234000547,27-4
234001105,27-21
234001102,27-10
229000066,550
234000533,25-5
229000078,77
233000041,11
241004590,6803해운대-동두천
241003940,6802부산-이천
241004480,8369강화-충주
230000003,13-1
241000820,8147안산-동서울
214000113,17
241007204,1101
230000090,24-21
239000072,20-4
230000099,22-5
239000045,20-3
241007060,8114서초-평택
230000108,23-10
230000109,22-22a
239000065,20-2
238000034,35
241001050,8550부천-광주
238000035,35-1
238000036,35-2
230000121,24
238000044,67-1
239000044,20-1
230000125,24-42
230000126,21-7
230000133,24-71
230000134,24-72
230000139,24-21
230000141,22-62
230000146,28-18
230000147,24-13
230000148,20-22
230000149,217
230000150,219
230000151,203
230000152,201
230000153,202
230000154,206
230000155,211
230000156,212
230000157,216
230000158,234
230000159,235
230000160,205
230000161,231
230000162,232
230000163,233
230000164,242
230000165,243
230000166,245
230000167,246
230000168,247
230000169,248
230000170,251
230000171,252
230000172,253
230000173,272
230000174,273
230000175,208
230000177,21-17
228000278,11-1
228000270,105
228000149,103
231000009,88
231000010,88-1
228000288,80
228000289,80-1
228000290,80-2
228000291,810
228000292,810-1
228000293,810-2
228000294,11
228000295,15
228000296,17(A)
228000297,17-1
228000298,15-1
228000299,17(B)
228000300,14-1
228000301,14
228000302,15-2
228000303,14-2
228000304,15-3
228000305,1
228000306,16
228000307,5
228000308,82
228000309,2-1
228000310,82-1
228000311,1-1
234001730,8201
231000036,60-2
234001653,36-51B
231000039,20-4
241007057,8719수원-예천
234001686,36-13A
231000043,20-7
234001025,35-35
234001279,35-20
241007152,8609수원-포항
241001540,8526성남-정읍
231000052,50-4
231000055,50-9
241006807,3001-1동서울-동송
231000057,60-4
234001568,721
231000060,35-1
231000061,3-2
231000062,3-1
233000266,6003
231000065,3-4
231000066,3-6
240000056,4-7
207000052,1-5
231000070,3-9
240000190,77-3
240000188,77-6
207000016,1
229000254,75-2
241006941,1304-1동서울-충주
231000076,2-7
231000079,10-1
231000080,10-3
214000246,50-9
231000083,10-5
231000084,5-4
231000089,370-1
231000091,38-2
231000095,2-9
241006821,3007성남-와수리
231000104,2-10
241006999,1303동서울-음성
228000406,78
228000020,7
241002840,2201태백-원주
231000112,1-10
231000113,5-6
231000114,20-5
231000115,60-5
215000178,80-2
231000120,55-1
241006942,1304동서울-목계-충주
228000266,16
231000123,17-1
231000124,17-2
228000374,5
222000131,30-5
231000127,3-6
229000147,075
222000064,30-10
222000063,30-11
229000151,035
229000153,034내포리
229000154,034축현리
229000155,064쌍둥이
229000156,064재활용
229000157,088중학교
215000215,82-6
229000159,084
216000045,8407
229000164,092-2석장
229000165,092-3장남
229000166,092-3구미
229000167,092-3전동
229000168,092-3원당A
229000169,092-3원당B
229000170,092-3학곡
229000171,092-2백학
229000172,092-3주월
229000173,051
229000174,051B
229000175,052
229000176,050
229000177,058임진각행
229000178,058마정행
229000179,058운천행
229000180,058운천+임진각행
229000181,030탄현A
229000182,032
229000183,030A
232000119,11
224000061,6502
240000141,8-33
200000098,2
216000010,99-1
200000100,55
224000015,98
228000183,5002B
228000394,5002A
234000044,520
223000122,33
217000007,99
241004360,9311인천-제천
234000805,38
216000088,9-1
200000111,5200
223000137,99번(학통)
234001660,M5438
216000084,90
200000121,40-1
200000122,999-1
200000123,40
200000124,1560-1
200000129,25-1
200000132,303
223000121,33-1
223000120,99
215000104,50-5
223000144,9(학통)
223000099,8
204000112,7-1
200000143,13-3
215000111,51-12
228000184,5600
200000147,27-1
229000246,7300
215000220,90-5
229000255,3100
236000226,9-2
200000156,3800
236000153,9
200000158,27-5
200000163,8
200000164,81
200000166,1
200000172,99-1
236000140,8
200000176,82
200000184,13-6
241007205,1801
200000189,20-2
200000190,47
200000191,7900
224000021,28
200000197,85
200000107,88
200000200,57
200000201,9-2
200000090,13-5
200000203,62
200000204,53
200000043,64
200000209,3900
200000210,82-8
234001007,37-3
200000212,4-2
200000213,3000급
200000214,3000전
200000215,3002전
200000216,3003급
200000217,3003전
200000218,3007급
200000219,3007전
200000220,5100급
200000221,5100전
200000222,7000급
200000223,8800전
200000224,5300전
200000225,7770전
200000226,7780전
234001059,36-8
239000011,30-3
232000093,3000A
200000009,400-1
231000007,1
200000012,990
241006868,8877
210000111,10A역곡역
241007092,1320남부-두원공대
200000017,2-5
210000112,10A범박옥길
234000771,23-7
200000021,83
234000900,23-6
228000179,101
215000084,56-2
228000262,5006
229000275,파주똑버스(DRT)
234001462,22-25
216000103,안산똑버스
200000034,16-2
200000036,311
233000271,9802
228000285,90-1
240000143,8-55
234001517,21-33
241007143,1339-1서초-진천
234001287,21-32
214000182,5
240000185,2-13
241007093,1339남부-진천
200000064,32
240000014,2-2
200000057,24
200000058,45
237000053,929
200000061,36
200000063,58
224000047,3300
234001409,929-3
200000066,26
200000067,63-1
240000011,2-5
229000256,19-3
241006500,8513안양-목포
234001411,924-2
204000131,370
200000084,99
200000086,46-1
200000088,39
200000092,52
200000228,7790급
200000229,7800급
200000230,8800전
200000231,54
200000232,17
200000233,3900전
200000235,90
240000198,34
200000238,63-3
241001040,8222부천-강릉
200000240,22-2
200000241,123
200000243,1
200000244,2
200000245,3
200000246,6
200000247,7
200000248,5
241002030,8354용인-청주
200000250,2-3
234001219,28-17
200000252,21
200000254,25
200000257,25-1
200000258,25-2
200000261,400-5
214000196,5
200000264,2-3
214000225,88
241007135,9701-1안동-인천공항
200000267,787
214000200,77
200000270,123B
200000271,123C
215000130,53-12
200000273,1005
200000208,81
200000276,1005전
222000098,5-1
200000278,123C
204000008,2
204000009,310
204000010,15
227000002,81
207000025,11
204000014,88
204000015,55-1
230000176,20-52
207000101,1-8
215000164,56-8
214000011,110
215000198,90-1
241007076,A4300
227000005,112-5
234000038,65
233000389,H18
241007050,8501수원-여수
208000026,917
204000035,1251
204000036,2003
207000019,3
207000026,133
241007232,9205
204000042,9005
234001161,39-11
204000045,370
234001028,35-2
204000049,380
204000050,360
204000052,310
204000053,320
223000058,73
234001469,26-12
232000006,1002
230000142,28-82
204000062,252
232000073,1004
204000066,1121
232000025,60-3
204000068,280
204000069,8131
207000012,111
204000075,110
204000077,330출
204000080,1002
233000348,H120B
215000230,11
204000090,3-7
204000093,21
204000094,3-5
204000095,3-6
204000096,7
204000097,7-2
204000098,10
235000115,1101
226000024,05
223000023,22
228000400,P9201(출근)
234001082,22-24
235000116,G1300N
235000080,19
204000105,3-3
204000109,75맞춤형
204000110,25
234001471,28-92
230000110,22-23
234000777,22-2
234001075,22-13
236000214,10-2
204000118,602-2A
204000119,602-1C
236000213,10-1
204000122,2
204000123,1
204000124,19
204000126,71
207000061,21-1
207000062,55-2
207000063,10-2
207000067,10-3
236000025,60-1
207000072,7-1
207000073,36-1
207000074,11-1
207000075,17
207000076,1-3
207000077,10-5
207000078,7-2
207000079,9
236000224,12
207000081,10-3
207000082,22
207000083,8-1
207000084,22
214000027,100-1
207000086,10-3
207000089,26
207000090,8-2
207000091,27
207000092,21-1
204000127,810
204000128,811
204000129,812
215000096,53-10
204000132,260
234001201,29-95
204000134,누리1-1
204000135,32-1
234001116,29-40
234000031,1115-6
204000140,232
234001202,21-14
210000027,12
234001178,28-31
218000072,081
231000136,안성똑버스01
234000754,22-12
218000070,080
204000148,231맞춤
234001529,21-91
218000116,730
230000100,28-21
234001063,21-8
206000002,303
241001280,1313서초-천안-유구
206000005,9414
206000006,1151
214000108,49-4
236000154,10
207000010,1-6
218000073,089
224000008,510
207000015,21
215000171,54-1
207000017,2
207000018,28
236000236,90-1
218000071,082A
218000118,082B
200000042,63
207000037,50
207000039,51
207000041,55-1
207000042,55
207000047,35-1
207000048,12-3
236000204,87-4
207000054,30-1
207000055,30-2
200000227,7800전
221000003,1000
210000030,6-1
210000031,70-1
210000032,23-5
234001699,15-5
234001122,38-43
240000048,7-4
241006030,3000금촌-인천
241006877,8634경기광주-창원
241006849,8602의정부-창원
235000092,G1300
229000203,065-1
228000276,10-6
231000025,7
215000018,58-3
210000047,5-6
210000048,15
231000046,100-1
210000050,3-1
241004900,8852
210000053,96
241004790,8211
234001565,1-13
234001681,34-2
241102280,8530이천-전주
241000390,1713동서울-포항
215000140,62-1
241000350,3800고양-청주
210000070,96-1
210000071,33
235000027,73-3
204000170,3100
210000074,88-1
228000156,89
234001489,972-3
241006903,8746하남-동대구
228000017,68
241006905,3309당진-제천
241006906,6900동서울-인천공항
210000063,27
228000209,76-5
241007129,6701
221000030,5
204000117,602-1B
204000116,602-1A
231000014,2-2
200000175,5300
200000299,5200
240000151,77-2
216000102,N80B
228000271,5700B
216000101,N80A
235000102,28
235000100,50
231000015,2-3
228000395,5700A
241004080,8911
231000105,5-5
241004180,5201군산-원주
231000016,7-1
241004210,8463
231000032,15
231000024,1-8
227000038,3000
229000097,9030
204000073,315
204000139,231
241005300,9802
241005310,8472
241005320,9801
241005330,8471
241005460,1802상봉-여주
241005490,1223동서울-비발디
241005500,1218동서울-춘천
241005510,1204동서울-춘천
241005540,9283인천-춘천
241005560,8226성남-춘천
241005570,2305춘천-천안
241005590,2809춘천-안산
241005600,8254고양-춘천
241005610,8809수원-가평
238000005,39-2
216000100,N70B
215000106,61-8
215000069,61-7
241006150,8335수원-아산
241006160,8336안산-서산
215000067,61-5
215000065,61-3
215000064,61-2
239000138,40-8
230000179,G2100
222000223,72
204000120,602-2B
241001210,3701
241001230,8446
241001240,8448
210000017,5-4
241001330,9101
229000108,95
210000005,55-1
241006900,8203평택-태백
234001551,950B
234001493,954
234001497,955-1
237000060,962
241001520,8212성남-강릉
237000061,963
239000032,10-4
239000036,10-6
239000084,10-7
239000033,12
228000218,97
225000009,30
210000016,5-3
207000098,1-7
241007105,9601부천.인천-창원
240000202,2000-3
241006915,4100-1
241006916,4100-2
241006918,1249동서울-춘천-화천
228000409,Y1301
231000005,370
204000025,521
237000085,992-1
234001150,35-26
241006936,1214동서울-성-태백
241006937,1215동서울-영-태백
234001542,930-4A
241006939,1207동서울-춘천-화천
241006940,1305동서울-보령
241007140,8803-1부천-이천(안양)
229000137,93-1
229000023,9710
204000158,9007-1
234001682,924-3
229000140,93-2
229000130,93-6
234001507,915-3
241001600,8392성남-감곡
241001620,8416
229000131,93-7
229000134,93-8
234001413,915-2
204000017,55
234000059,1
229000146,078
236000050,11
224000038,11-C
222000176,38
222000082,10
233000058,7
233000045,6-3
233000043,6-2
241001760,8302시흥-대전
214000177,300
214000159,320-1
214000161,310-2
222000029,6
241001850,3802
214000180,320
234001043,36-51
241001890,8838아산-이천
234000521,29-8
234000544,27-3
234000542,27-2
241006947,1322-1
241006948,1325-1
234000540,27-1
224000033,7
224000037,11-B
233000144,202
241006963,9221인천-원주
241006954,4324고양-부여
231000101,7-6
241007098,9504인천-진도
241001390,8709성남-안동
241007107,7201서대구-춘천
224000005,31-9
241006968,8393
241006971,8435-1
224000053,16
235000097,700
216000040,97
241007074,4200
200000074,27
216000004,22
216000067,20
241000950,1710동서울-온정
236000237,3100N
224000002,21
216000078,2
228000132,95-1
216000085,16
224000003,23
224000004,31
222000033,30-15
241006989,5203순천-춘천
241006990,1227상봉-속초
241006993,1226동서울-횡성
241006994,1229상봉-홍천
241006996,1233상봉-원통
241006997,1234서초-원주
241006998,1237서울-속초
241007000,1306서초-아산
219000025,3300
241007004,1335동서울-건국대
241007006,1347-1
241007007,1803서울-용인
241007008,1805서울-여주
241007009,1707서울-풍산
241007010,1725서초-점촌
229000162,083
233000323,151
241001950,3812-1
241001970,2202영월-태백
210000084,013-2
234001153,38-24
208000016,5
227000019,9303
234001418,913-3
207000068,25-1
228000005,66-4
241002130,2300원주-천안
241002170,8456-1동두천-동아대
234001414,915-1
234001446,912-2
234001522,38-84
234001487,971-2
241007012,2302태백-당진
226000032,21
234001524,34-16
234001575,38-53
234000956,38-51
241002190,8508의정부-청주
234001592,38-11
234001667,35-34
234001595,35-31
241007021,3210제천-강릉
215000008,52
224000011,20-1
234000512,25-8
234000519,29-7
234001723,170
218000012,M7106
208000028,8
241007029,3404진천-성남
241007030,3807
241007031,3408도고온천-오산
228000281,88-1
241007033,4204수원-태백
236000196,87-1
236000188,7-1
241007036,8215
241007037,4217광명-원주
241007038,8208부천-속초
241007039,8219여주-속초
241007040,8220안양-인제-속초
208000010,8-1
208000011,8-2
236000068,7
241002300,3310
241002320,8382이천-무극
241002330,4716이천-문경-은척
208000041,80
241002370,8388장호원-괴산
236000239,6-1
241001710,8706수원-점촌
233000344,H106
228000418,1101N
200000029,92-1
238000050,68-1
234000879,1101
238000043,31
241002650,1353
241002670,3302청주-유성-서대전
241007041,4309호평동서울-청주
241007042,8319
241007043,4322호평동서울-보은
241007044,4328평택-제천
241007045,4347부천-논산
216000073,3
231000013,2-1
216000002,66
222000209,M2352
227000017,31
227000047,33
234001597,903
214000252,33A
234001400,963-1
229000036,360
218000128,고양똑버스02
241006040,5000문산-부천
241006811,5000판교-인천공항
241003440,8141동서울-송탄
241003360,8340평택-당진
207000106,G6100N
227000004,38
216000044,M6410
241007051,4520호평동서울-여수
241007052,4600안양-울산
214000259,1452
241007054,4704오산-안동
214000257,순환111B
241007056,4711의정부-안동
215000163,58-12
236000238,6
236000231,85-1
215000149,58-7
236000230,85
214000079,6396
241007064,8311-1
241007065,8312장호원-조치원
214000264,1451
241003070,7500지축역-인천공항
241007068,1200
241007069,5500위례-인천공항
222000137,1200-1
222000078,1200
215000143,62-4
215000211,81-2
215000209,81
215000052,60
208000009,81
236000223,73-3
236000210,73-1
216000081,80A
200000145,3002
200000324,7800(퇴근예약)
238000049,68
234001543,930-4B
234000862,989-3
234000861,988-2
234000691,984
234000360,988-1
234001441,983-1
229000184,033탄현중
229000185,030B
229000186,033
229000187,030금승A
229000188,037
229000189,037광일중
229000190,080A
229000191,080B
229000192,081
229000193,030탄현B
229000194,030금승B
229000195,061
229000196,062
229000197,062(등교시
229000202,065-1
229000204,053세성
229000205,053마정
229000206,054-1주공
229000207,054-2주공
229000208,054-3한양
229000209,054-4북중
229000210,055마정
229000211,055세성
229000212,055선유
229000213,055월롱
229000214,055임진
229000215,054-5행복
229000216,054-6문산
229000217,054-7한양
229000218,054-8문산
229000219,067
229000220,021
229000221,017
229000222,017-1
229000223,017-2
229000224,017-3
229000225,021-1
229000226,021-2
229000227,091A
229000228,091B
229000229,011
229000230,068
229000231,022
229000232,069
229000233,069등하교
229000234,082-1
204000041,9004
223000136,34
204000150,반디1-1
204000046,9003
229000245,7501
222000188,땡큐70
233000153,20(마산포)
233000154,20(어도동내)
233000155,20(어도펜션)
233000156,시영1(사곳.궁평)
233000157,시영1(궁평리)
233000158,시영1(궁평.사곳)
233000159,시영1(지화2리)
233000160,"공영2(송정리,시청,대광1차A)"
233000161,"공영2(삼존2,3리,시청,대광1차A)"
233000162,"공영2(슬랑2리,금당2리)"
233000163,공영2(지화2리)
233000167,"시영3(청원3리,삼존2,3리)"
233000168,"시영3(삼존2,3리,청원3리)"
233000169,"시영3(슬항2리,금당2리)"
233000170,시영4(삼존2.3리)
233000171,"시영4(도말.고포2,3리)"
233000172,"시영4(마산2리.고포2,3리)"
233000173,"시영4(돌내,독지2리)"
231000129,11
231000131,11
232000001,88
222000187,33
229000129,93-5
241006120,8450수원-고양
232000012,84
232000013,842
222000197,8-9
232000015,53
226000016,07
234000531,25-41
232000019,9-1
232000007,8000
232000021,공영(대곶신사거리)
232000022,공영(학운리5리)
234001532,22-14
232000072,8601
229000139,93-10
241007003,1330남부-진천
232000030,88-1
231000006,70
229000135,93-9
232000094,G6001
232000036,201
232000037,202
204000142,75
241007197,9204
216000070,707-1
217000004,77
232000051,80
232000053,9004번
216000055,501B
232000059,300
232000060,380
224000034,99-2
232000062,3100
241007150,8329부천-진천
241007073,4100-2
214000022,1150
224000035,99-3
214000001,1502
207000102,G6100
232000074,20
214000050,36
241007226,1352서울-세종
232000077,9-2
200000015,909
219000007,108
214000030,15-4
232000084,8601(예약)
227000051,1
216000075,50
241007248,1101서울-담양
200000069,13-1
200000024,310
210000042,59
214000241,20-1
205000002,333
233000354,M4449
222000204,30-17
231000022,1-7
233000321,6008
235000101,51
216000051,8-1
241006470,9742인천-포항
241006912,8303부천-증평
210000069,59-1
241007028,8303-1안양-증평
210000099,58-B
204000151,720-1A
210000098,58-A
236000200,89-1
236000216,73-2
216000083,8
222000005,3-1
228000206,76-2
234000446,10
228000207,76-3
222000110,땡큐60
200000272,32-4
234000882,1150
234000026,720-2
228000391,24-3
206000007,102
234000078,111
200000099,37
215000225,5
200000182,20-1
200000006,300
200000053,20
241006841,9577인천-남원
234000011,1113-1
200000010,900
231000134,7-10
210000009,52
222000200,땡큐30
200000028,301
222000019,7-4
222000199,땡큐50
222000055,7
234001696,100
233000071,22-2
241006978,9553인천-광양
239000150,90
239000152,92
233000082,44
241001660,8449수원-동아대
233000088,333
233000089,333-1
233000090,3-2
233000092,77-1
233000093,80
241000090,8426김포-수원
224000055,15
233000097,22-3
233000099,79
233000104,11-1
233000174,시영4(솔미.구렛골)
233000175,"20-2(신천리,천등리,화석지)"
233000176,"20-2(용포리,고정리)"
233000177,"20-2용포리,공룡알화석지"
233000178,"20-2(신천리,고정리)"
233000179,"20-2(용포리,신천리,고정리)"
233000180,20-1(백곡리)
241006975,8459안산-동아대
233000181,"20-1번(백곡리,고모리,마도)"
233000182,20-1(독지2리)
233000184,20-3(왕모대)
233000185,20-3(왕모대.대광1차A)
233000186,20-1(홍법리회관)
233000187,시영3(솔미.구렛골)
233000188,시영3(장문지화1리)
233000189,시영3번(지화2리)
233000190,시영4(돌내.형도)
233000191,"시영4(형도,고포2,3리)"
233000192,시영4(독지1리돌내)
233000194,11-3
233000195,11-2
233000196,11
233000197,12
233000198,13
233000200,27
233000201,27-1
233000105,79
233000106,22-4
233000113,500
233000114,709
233000115,709-1
233000121,500-3
233000122,76
233000127,701-1
233000129,1008전
228000267,14-3
237000097,939
233000132,1560A
234001731,932
234001408,929-2
234001412,925-1
233000137,200
233000138,6-3A
228000259,14-1
228000258,14
207000013,25
215000005,51
233000143,38-2
234001410,925
233000145,702
233000146,9A
233000147,19A
233000148,9-1
233000149,19-1
233000150,9B
233000151,19B
233000152,5
234001380,924-1
240000199,33-4
234001375,924
222000214,5-5
233000079,20
232000091,2000
215000201,90-4
234000001,5500-1
233000026,19
222000182,81
234000005,1116
234000006,765
229000270,065(봉중하교)
228000222,76-8
229000201,065(봉중등교)
233000044,17
232000101,7-1
236000247,200
234000018,6800
234000019,1115-2
229000111,G7426
234000022,116-3
229000112,G7625
200000109,7002
229000200,065(봉고)
233000034,16
236000246,201
234001596,35-33
222000210,M2353
234000036,112
234000037,116
222000090,8012
236000241,30
234001476,M2323
200000105,15
234000043,500
234001704,38-41A
234000047,720
234000048,1115
234000049,1119
234001693,33-1
234000052,5500
234000055,77-1
234000765,23-13
200000152,15-1
234001291,17-3
200000020,50-5
236000198,87-5
234000071,52
234000073,1-5
215000147,82-2
215000231,11-1
215000232,60-1
241006480,8517부천-광주
231000029,15-1
214000084,94-1
214000173,92-1
216000076,34
241006867,5800부천-여수
240000067,5-5
233000003,22-1
210000062,20
214000081,91
233000008,33
233000009,33
234000318,1111
234001284,22-22
234000330,32-5
234000342,7200
234000343,1500-3
234000352,58-4
234000353,50-1
234000356,55-7
234000358,55-9
234000363,56
234000364,56-1
234000366,55-4
234000367,989-2
234000370,55-5
234000374,50
234000380,58-17
234000382,58-11
234000385,58-12
234000387,58-7
234000388,50-3
234000389,50-4
234000391,50-2
234000393,50-11
234000396,50-12
234000398,50-14
234000399,50-18
234000402,61-3
234000405,61-1
234000406,61-2
234000414,987-1
234000415,982
234000416,51-9
234000418,58
234000424,62-4
234000427,62-2
234000431,50-5
234000434,51-18
234000437,51-17
234000439,51-16
234000440,51-15
234000442,59-9
234000443,58-18
234000445,51-13
233000337,P9301(퇴근)
234000447,51-14
240000210,40-8
231000035,60-1
234001688,210
231000021,1-6
215000219,1-1
229000263,9709
231000078,10-2
230000178,21-81
239000139,7000
231000020,1-4
214000039,1409
241007106,7602대구서부-해인사
234000465,24-41
234000471,24-6
234000474,21-5
234000475,21-6
234000479,22-7
233000202,27-2
233000203,17-1
233000204,50-2
233000205,50-5
233000206,7
233000207,8A
233000208,8
233000209,9
233000210,9-1
233000211,6-3
233000212,7-1
233000213,22-2
233000214,22-4
233000215,5-1A
233000216,5-2
233000217,5
233000218,50-1
233000219,50-3
233000220,50-4
233000221,50-6
233000222,50-7
233000223,50-8
233000224,50-9
233000225,5-1B
233000226,12
233000227,10-2
233000228,10
233000229,10-1
233000230,10-3
233000231,10-4
233000232,10-5
233000233,36-2
233000234,36-3
233000235,36-1
233000236,36
233000237,39
233000238,39-1
233000239,39-2
233000240,37
233000241,13-3
233000242,13-2
233000243,13-1
233000244,31
233000245,6-1
233000246,35-1
233000247,35-2
233000248,66
233000249,35-3
233000250,35-3A
233000251,15-2
228000404,P9211(출근)
241006945,1306동서울-괴산
222000002,707
233000255,66A
233000256,35-4
233000257,703
233000259,81
233000261,20-4
233000262,38-1
233000263,2000A
233000264,2000B
204000012,50
236000057,2
233000269,8156(급행)
236000063,1386
231000049,50-2
234001090,24-40
231000051,50-1
241000370,1733동서울-낙동-안계
228000423,5005(예약)
234001094,24-60
234001095,21-60
234001096,22-70
234001097,21-13
234001098,23-15
241002850,1217동서울-영월-태백
200000234,25-5
234001101,26-10
228000422,5001(예약)
233000004,1004
229000273,7101
239000068,20-5
210000003,50-1
233000067,1004-1
234001109,29-60
241006854,7501포항-여수
234001111,58-1
234001112,59-19
234001117,23-51
231000090,38-1
234001123,38-20
234001124,2-22
234001125,33-10
234001126,21-14
234001132,22-27
234000481,21-12
234000489,36-2
233000007,777
224000062,33
241002400,8806인천-성남
229000277,9709N
233000352,701B
200000097,2-1
200000288,16-2
229000010,30
229000027,31
222000041,30-1
222000061,30-3
234000573,36-4
234000599,38-9
234000651,51-3
234000653,52-7
234000654,54-9
234000655,59-21
234000656,59-24
234000657,54-6
234000658,62-6
234000659,54-1
234000660,59-13
234000661,52-3
234000662,61-5
234000663,52-5
234000664,58-14
234000665,52-9
234000667,59-17
234000668,59-4
234000669,59-11
234000670,56-9
234000671,52-10
234000672,59-8
234000674,62-3
234000675,52-11
234000676,62-7
234000677,58-13
234000678,58-16
234000679,58-15
234000680,61-11
234000681,59-2
234000682,52
234000683,59-3
234000684,52-12
234000685,59
234000686,52-14
234000688,52-15
234000689,59-5
234000694,984-2
234000695,983-2
234000696,54-3
234000698,56-10
234000699,61-7
234000700,52-2
234000701,61-6
234000702,62-1
234000703,54
234000706,51
234000707,50-6
234000708,59-22
234000710,51-2
234000711,975-1
234000712,58-3
234000713,58-20
234000715,56-2
234000716,50-20
234000718,50-19
234000719,51-11
234000076,112-3
229000198,065
234000527,25-31
216000066,9
218000006,97
228000256,101
234001218,26-11
215000133,55-9
224000016,76
234000139,1550-3
232000003,96
207000035,8
234000175,50-15
234000210,58-2
215000015,56
234001253,38-83
207000100,56
239000040,40-4
234000312,1550-2
207000034,5
241007164,7600포천-인천공항
234000315,9001
234000848,50-21
234000851,50-7
234000852,50-8
234000853,50-9
234000854,50-10
234000855,50-16
234000856,987-4
234000857,55-10
234000858,55-11
234000859,55-12
219000016,1200
219000006,1082
234000863,61-4
234000864,51-10
234000865,50-13
234000866,50-17
234000867,58-9
219000001,11
200000093,51
207000099,G6000
234000881,8131
241007066,8382연천-대전
234000885,1002
234000891,110
234000892,51-4
234000895,52-6
234000896,52-8
234000898,55-3
234000899,56-6
234000915,34-51
234000917,34-53
234000920,34-54
234000921,34-55
234000922,34-56
234000926,35-22
234000929,35-32
234000943,58-8
234000944,58-6
234000945,36-82
234000948,37-11
234000965,33-16
234000974,33-13
234000977,33-21
234000981,36-41
241006320,737
233000015,4
241006520,8821
234000999,36
234001000,36-3
228000223,76-1
234001002,37-5
234001004,37-4
234001005,37-41
234001006,37-1
239000041,74-2
241006560,8414
200000048,82-2
233000038,4-1
234001149,35-25
233000365,P9540(퇴근)
233000046,8
239000031,73-1
234001020,38-13
234001024,2-25
234001134,24-70
234001135,28-13
234001139,1-10
234001141,34-10
234001142,34-11
234001143,34-14
234001144,34-15
234001315,917
234001147,35-8
232000032,101
236000048,72
234001151,38-7
234001152,38-6
234000068,720-3
234001154,38-25
234001155,38-10
234001156,2-21
234001157,2-23
233000333,8502
233000135,8501
234001160,1553
234001299,918-1
200000286,7800(예약)
234001167,24-20
224000063,33-1
234001169,24-47
234001170,24-48
234001171,28-16
224000036,11-A
234001175,28-31
234001176,28-20
234001177,28-20
222000028,165
234001181,28-52
234001031,35-23
234001032,35-38
234001035,2-24
234001036,35-39
234001037,35-22
234001038,35-33
234001039,35-31
241001870,3810안양-청주
234001041,36-71
229000102,M7111
233000377,400A
200000008,400
234001045,38-3
228000139,84
200000060,11
234001050,33
234001051,34-13
234001052,33-3
234001053,3
200000112,7000
241007227,1501
234001058,37
234001099,25-20
234001061,35-24
200000316,7770(예비)
241003490,8346용인-충주
234001064,28
234001071,24-32
234001072,29-30
234001073,22-80
234001076,28-12
229000235,7700
234001080,22-10
234001085,23-20
234001086,23-21
234001087,23-40
234001275,59-21
234001276,61-15
234001277,7501
234001278,35-19
234001297,915
234001280,21-15
234001281,29-32
234001417,913-2
234001387,952-2
234001285,M5414
234001479,911-5
217000002,101
234001289,27-41
237000062,964
216000037,10
216000060,300
234001504,966-1
234001295,912B
234001707,910
234000860,988-3
234001298,918
233000140,1002
234001300,919
234001302,928
228000403,21
234001306,980
234001307,980A
234001308,980B
234001309,988
234001310,990
234001312,914
234001316,35-38
234001319,226
234001320,236
234001321,237
234001322,254
234001323,255
234001324,256
234001325,261
234001326,262
234001327,263
234001328,264
234001329,265
234001330,266
234001331,267
234001332,268
234001333,269
234001334,271
234001335,213
234001336,214
234001337,215
234001338,225
234001339,221
234001340,222
234001341,223
234001342,224
234001344,204
234001345,207
234001347,275
234001348,276
234001349,277
234001350,278
234001351,279
234001352,281
234001353,282
234001354,283
234001355,284
234001356,285
234001357,286
234001358,287
234001359,288
234001360,289
241007022,3301청주-제천
234001077,28-50
234000768,23-4
234001084,23-93
233000341,H10
234000761,23-14
216000001,707
234001092,24-44
234000466,24-4
229000084,37
241003340,8118서초-국제대
234000767,23-3
217000013,320
230000116,20-5
234000472,24-31
234001464,22-81
234000772,23-83
234000769,23-5
234000778,23-11
234000779,23-91
234000784,24-2
234000785,24-12
234001606,23-32
234000801,38-4
234000802,35-9
234000803,38-41
234000804,38-5
234000764,23-31
216000021,301
234000845,61-8
234000847,33-1
234001407,923-2
234001678,916-2B
234001416,913-1
234001677,916-2
234001419,913-4
234001421,911-4
234001422,975-2
234001423,974-3
234001424,960-2
234001425,960-3
234001675,916B
234001427,989-1
234001428,989
234001429,989-4
234001430,988-5
234001432,988-7
234001433,981-1
234001588,902
234001435,987-5
234001440,980-1
234001249,39-9
234001250,39-10
234001572,38-26
234001444,987-4
234001445,991-2
234001447,930-2A
234001448,930-2B
234001449,930-1A
234001450,930-1B
234001451,950-2
234001452,930A
234001453,930B
234001455,20-52
240000170,40-9
234001457,22-28a
234001460,935B
234001461,5008
234000136,1550
234001740,5000
234001465,23-96
234001466,24-22
234001467,24-23
207000104,1102
207000093,10-3
234001580,26-13
236000201,89-2
234001473,29-11
234001474,28-83
234000469,24-7
234000757,22-4
234001477,8402
234001480,918-3
234001481,918-4
234001482,930-3
234001483,932-1
234001484,938-1
234001610,5
234001184,29-92
234001189,29-21
234001190,29-20
234001191,29-41
234001192,29-90
234001193,29-93
204000007,357
234001195,24-10
240000051,4-2
234001199,29-94
204000013,60
213000028,3000
233000371,P9601(출근)
234001204,1113-11
234001205,20-6
233000373,P9602(출근)
234001207,22-14
234001208,22-31
240000212,40-2
234001210,23-16
234001212,24-61
234001214,25-10
234001215,25-12
234001216,25-13
234001217,25-81
234001221,24-30
234001222,24-62
234001225,23-95
234001226,28-14
234001227,28-15
234001228,29-11
234001229,21-41
234001231,24-49
234001233,730
222000178,8002-1
233000334,P9242(출근)
222000084,8002
234001238,2-26
233000335,P9242(퇴근)
234001240,30-6
216000098,N60B
234001242,M7613
200000239,22
241007213,N5300(성남-인천공항)
241003960,3902청주-인천공항
210000026,11
228000211,76-9
240000173,40-1
241002680,9305(충주-인천공항)
234001255,33-6
234001256,1560-11
234001258,1552
234001262,55-15
234001263,59-10
234001264,51-19
234001265,51-22
234001266,51-20
234001267,51-21
234001269,58-20
234001270,54-11
234001273,5500-3
235000033,50-1
235000034,50-2
235000036,4
235000037,4(아침)
235000038,13
235000039,14
235000040,17A
235000041,18
235000042,14첫차
235000043,17첫차
235000044,17B
235000045,18아침
235000046,18막차
235000047,3-3
235000048,2
235000049,2-1
235000050,2-2
235000051,2-3
235000052,2-4
235000053,10(한시운)
235000054,10
235000055,2-4B(전체)
235000056,12(공영)
235000057,12(A)
235000058,12(B)
235000059,12(C)
235000060,12(D)
235000061,15
235000062,15첫차
235000063,15-1
235000064,15-1첫차
235000065,15-1막차
235000066,15막차
235000067,15상행
235000068,15하행
235000069,15-1긴급
235000070,3
235000071,3-1
235000072,3-4
235000073,3첫차A
235000074,3첫차B
235000075,3-2
235000076,16A
235000077,16B
235000078,16아침
235000079,16저녁
234001491,994-2
234001492,952-5
218000108,733
234001494,953-1
234001500,961-2
234001496,953-4
234001443,987-3
234001498,955
234001431,988-4
234001274,987-2
234001501,961-3
234001434,989-5
234001503,966
234001505,961-4
234001506,912-3
234001508,988-6
200000199,88-1
234001512,10-6
234001513,918-5
234001514,961-5
234001523,33-31
234001525,37-21
234001527,8409B
234000901,38-8
233000383,H340
234001530,21-92
234001531,21-93
234001570,116-2
231000026,7-2
234001536,28-45
233000276,116-5
229000237,7500
232000081,6427
234001541,924A
216000026,3100
231000027,7-4
207000080,78
231000100,7-5
234001546,930-5B
234001547,982-1
234001089,23-90
234001549,915-4
231000103,7-7
210000038,75
234001552,971-2B
234001554,918-6
234001555,918-8
234001556,918-9
234001558,23-91
234001562,34-11
234001563,34-15
234001361,291
234001362,292
234001363,293
234001364,294
234001365,295
234001366,274
234001368,12-1
234001369,914-1
234000057,31-3
234000072,13
234001372,911
234000850,31-2
234001374,911-3
234000012,17
234001376,950-1
234001378,952-4
234000150,2-1
234001382,960-1
234001383,962-1
234001386,912-1
234000213,2
234001389,951-1
234000021,700-2
234001392,938
234001393,965A
234001394,965B
234001395,965-2
234001398,975
234001399,974-2
234001401,965-3
234001404,964-1
234001608,720-1A
233000326,1006
233000125,1008
241007063,3008인천-동송
204000180,210
229000250,93-14
241006510,7002
234001616,906
234001617,9000-1A
204000022,220
241006340,8851
234001625,902-1
234001626,902-2
234001628,904B
234001629,905-1
234001630,905-2
234001631,905-3
234001632,940
234001633,941
234001634,942
234001635,943A
234001636,943B
234001637,944A
234001638,944B
234001640,901A
234001641,901B
234001645,924-1B
234001646,930-1A
234001647,930-1B
234001648,930-2A
234001649,36-2B
234001613,28-20
228000416,10-3
234001654,36-6B
234001655,36-8A
223000077,31
228000393,7007-1
234001658,521-1
228000274,77
233000052,2-1
233000384,7790(예약)
234000480,29-4
233000391,8156(예약)
236000190,3600
226000022,G3900
228000012,820
212000002,83
228000190,73-1
228000407,Y1201
234001670,930-3
234000148,5500-2
228000413,4101
212000003,10
222000222,115
235000003,71
235000082,78-1
241007130,8608부천-울산
213000025,77A
218000127,고양똑버스01
215000158,53-3
215000205,91
241002480,9560인천-부안
234001607,28-10
234001088,23-70
235000098,702
241000030,1326동서울-진천
234001561,26-10
234001200,20-21
236000001,56-1
236000004,56-3
236000005,56-4
236000006,56-5
236000007,56-6
200000304,400(임시1)
236000010,58
236000011,53-1
234000535,26-1
234001100,23-50
236000014,59
234000523,25
235000005,70
235000006,73
204000048,250
235000019,80
235000013,79
235000014,11
235000016,37
235000017,72
235000018,48
204000021,51
236000044,62
224000029,530
234001230,21-10
222000089,56
235000026,85
235000094,81
235000028,77-1
235000029,83-3
235000030,85-1
235000031,28-1
235000032,48-1
215000218,53-7
215000010,53-6
236000118,138-2
236000124,63-3
236000125,59-1
236000128,66-2
236000130,20
236000135,5
239000110,1330-2
236000138,7-3
222000202,33-2
239000142,30-8
236000142,20-1
236000143,56-12
236000144,56-2
239000007,40-6
234000082,13-2
236000147,68-1
222000042,30-14
236000150,38-2
236000151,73-3
222000035,30-2
236000155,10-1
236000157,63-4
236000158,5-1
236000159,138-8
236000160,138-9
236000161,88
236000162,67-1
236000163,67-2
236000164,59-2
236000165,59-3
236000166,55-5
236000167,138-7
236000168,73-4
236000169,5-2
236000170,10-2
236000171,71
236000172,88-1
236000174,3800
236000175,1-1
207000096,25-2
236000177,56-13
236000178,3100-1
236000179,74
236000180,59-1
236000181,66-3
238000030,37-3
236000184,5-1
236000185,20-1
236000186,138-1
236000187,64
238000029,37-2
236000189,9-1
233000376,P9701(퇴근)
236000191,76
236000192,5-2
236000193,71-1
238000027,70-3
236000195,58
234001569,110
229000236,23
234001571,38-85
222000217,땡큐58-3
228000165,11
235000113,87
234001576,9000-2
229000240,93-12
232000038,86
234001579,1550-3A
224000019,3200
229000244,313-1
237000083,991
228000008,10-5
228000390,13
227000015,83
224000050,3400
232000005,9008
234001589,904
234001591,2-27
222000096,7-8
234001598,905
234001600,956
234001601,957
234001602,958
234001605,35-11
234001639,930-2B
237000033,56-8
237000034,61-10
237000035,54-8
237000036,52-4
237000037,52-13
237000038,51-5(황학산)
237000040,52-16
237000041,59-1
237000042,59-23
237000043,59-20
237000044,59-7
237000045,61-13
237000046,61-14
237000048,920A
237000049,920B
237000050,921
237000051,922
234001486,971-1
234001666,1-12
237000055,960A
237000056,960B
237000057,960-1A
237000058,960-1B
218000010,1500
237000064,965-1
237000065,970
237000066,970-1
237000067,971
237000068,970B
237000069,970A
237000072,973
237000075,980-1A
237000076,980-1B
237000078,982
237000079,983
237000080,989
237000081,990A
237000082,990B
234000753,20-2
234000759,23
234001197,20-12
237000086,993
237000088,930A
237000089,930B
237000090,930-2A
237000091,930-2B
237000092,930-3A
237000093,930-3B
234000997,114-1
237000095,931-1
237000096,932
234001248,36-13
237000098,951
234001669,913-1
232000035,83
234001296,913
237000102,994
241007061,8143동서울-평택
232000031,102
218000107,60
238000008,39-7
241006790,1340강남-천안
234001540,912-5
234000998,36-7
238000017,39-1
238000020,39-4
238000021,38-8
241003320,8131서초-안중
236000018,63-2
241000810,1310동서울-남서울대
236000020,57-2
236000021,6
236000022,73-2
236000024,73-1
236000027,60-2
236000028,60-4
236000030,60-5
236000031,60-7
236000032,60-8
236000033,60-10
236000034,60-9
236000035,61
236000036,61-1
236000038,55-1
222000173,30-17
236000042,6-1
241000590,1809동서울-여주
241000740,8103동서울-이천
218000019,88B
236000051,138-1
236000055,38-3
234001619,M4434
236000058,66-1
219000026,9700
236000059,3-1
236000062,3-2
218000011,1100
236000064,71-1
219000023,870
236000076,39-3
236000077,56-8
236000078,56-9
236000079,56-10
236000081,65
236000082,6-2
236000084,60-3
236000085,60-6
236000086,61-2
236000087,61-4
236000088,56-11
236000091,57-3
236000095,55-3
236000097,57-5
236000100,63-5
236000101,63-6
236000103,57-7
236000112,55-4
234001724,180
232000096,4
240000086,9-7
240000087,7-8
240000090,22-1
240000091,8-6
240000092,8-7
234000034,16
241006771,5200-1오리역-김포공항
234001720,150
226000017,09A
240000097,5-6
234001370,130
240000099,5-8
241007176,8803
240000101,7-6
234001406,120
240000103,7-12
240000104,8-3
240000105,2000-4
240000106,11
240000107,9-9
240000108,23
240000111,8-9
240000113,1-10
240000115,1-11
240000116,1-12
240000118,2-4
240000119,2-7
240000120,3
229000071,799
235000002,78
240000123,3-3
219000013,1000
229000063,850
235000088,365
219000008,55
241001780,8505안산-정읍
234001390,930-2
208000033,15-1
238000031,37-5
207000103,360
234000528,25-3
234001304,930-1
234001303,930
234000013,1007-1
239000001,32-5
235000020,118
239000003,31-1
241000020,1333서초-혁신-진천
240000200,33-5
239000008,1330
204000159,342
239000017,32-4
239000018,32-7
239000020,1330-5
239000022,1330-3
239000026,1330-1
239000029,31-6
241007018,3203제천-정선
239000034,33-7
239000035,33-8
239000037,31-9
215000213,60-2
241004990,9354인천-아산
241006789,1807강남-평택
239000042,32-8
239000043,32-9
235000089,365-1
229000021,2000
241004200,2802속초-평택
239000049,32-1
239000053,500-1
241006984,3207대전-청주-원주
239000056,31-15
239000057,32-12
239000061,33-15
239000062,33-16
239000063,33-17
239000064,32-13
239000066,32-15
239000067,32-16
239000069,32-18
239000070,32-19
239000071,32-20
239000073,32-22
239000074,8004
239000075,32-23
239000080,32-24
239000081,32-25
234001108,29-50
236000203,9-2
236000205,87-6
236000206,87-7
227000040,9304
214000238,302-1
214000178,300-1
227000016,9302
236000212,11-2
241007058,6801해운대-하남
241003930,5806전주-평택
241006778,5805목포-고양
200000211,20-2
241006857,5736전주-포항
221000034,75-1
236000220,62-1
236000221,59
237000006,988-8
237000014,62-5
237000015,61-9
237000021,51-12
237000023,54-7
237000024,54-5
237000025,54-4
237000026,54-10
237000027,59-12
237000028,52-1
237000029,54-2
237000030,56-5
237000031,987-6
237000032,58-10
239000133,33-20
239000134,33-36
240000060,4-6
240000001,2-7
240000002,1-5
240000204,5-10
240000005,2-4
240000205,11-1
240000169,40-2
240000009,2-11
240000010,8
240000062,5-2
240000041,7
229000252,75-1
240000015,2-3
207000087,1-6
215000162,1-14
240000043,9-1
234001148,35-27
236000233,65
240000156,22-3
240000181,22-7
240000023,6-6
240000024,3-4
233000028,3
200000134,32-5
240000029,2-10
240000030,9-5
240000031,3
240000032,3-3
222000181,76
240000035,2
240000184,30-1
240000037,10
240000038,10-1
240000049,7-5
240000046,7-7
207000107,57-1
241006938,1219동서울-원주
239000144,74-3
241007001,1201서초-고한사북
240000180,77-9
210000037,71
233000019,5-2
210000013,3
200000076,5
233000025,9
222000074,1100
222000088,8001
240000052,4-3
240000154,22-1
240000125,11
240000214,40-4
240000026,2-8
215000083,56-1
240000012,2-9
240000129,1-32
215000223,3
215000146,82-3
227000001,30-5
240000089,22
240000134,1-19
240000135,3-22
240000136,5-11
240000137,5-55
216000006,125
240000139,9-22
233000134,1001
227000052,2
216000054,500
216000049,4-1
240000144,9-20
240000145,9-30
240000161,77-5
240000146,30
204000051,390
236000208,86
240000152,77-7
240000182,22-8
240000078,5-3
234001241,M7412
240000063,5-4
240000054,4-5
240000055,4-1
234001257,522
240000158,22-5
234001490,972-4
240000164,88-2
237000071,972-1
240000098,5-7
240000064,1-2
240000016,6
240000068,1-8
240000072,6-10
240000070,1-1
240000071,2-6
240000021,6-5
240000075,1
240000076,1-11
237000070,972
240000018,6-2
240000079,2000-3
240000080,9-2
241006786,1341강남-아산
215000032,52-2
216000079,737
216000009,727-1
216000031,727
200000115,5100
216000091,123-1
216000099,N70A
215000157,52-3
234001442,981-3
241005940,5200단국대-김포공항
234001502,140
234000849,17-1
234001664,33-21
237000094,931
234001166,36-72
233000368,H161
233000349,H131
233000343,H105
233000331,H103
200000018,50-4
233000330,H101
233000346,H122
233000345,H121
213000015,3001
241007013,3213아산-원주
241000890,1321-1동서울-괴산
241000940,1317동서울-구인사
241006949,1315동서울-제-구인사
241004610,1314동서울-세종
241000650,1311동서울-무극-음성
241003200,1308동서울-충주
200000307,P9100(출근)
228000246,85
232000020,공영(학운리)
200000308,P9100(퇴근)
231000058,17
228000210,76-7
222000020,6-2
229000030,100
241006781,5400-1오리역-인천공항
241001110,8523부천-광양
228000140,84-2
241007118,1601동서울-청도
234001213,25-11
228000130,84-1
228000119,83-1
228000089,83
234001223,28-72
215000136,55-12
208000065,55
241005990,5400단국대-인천공항
241005920,5300을지대입구-인천공항
241000840,8153동서울-동아대
236000244,91
238000006,39-8
241004320,8805수원-인천
231000037,20
241007229,3208
241006809,8206하남-강릉
208000038,83
232000083,1-1
241001090,8429부천-이천
234001179,28-40
241007048,8416성남-송탄
232000097,4-1
232000076,33
232000017,60
234000470,21
208000018,60
200000326,M5443(예약)
236000248,92
234000829,33-2
208000039,60-1
240000028,3-5
200000022,50-6
210000073,25
215000169,2-2
240000191,22-10
215000199,90-2
210000110,10A
236000019,57-1
233000048,1
215000234,91-4
235000117,양주똑버스01
222000045,112-1
200000014,50-3
231000128,37-1
200000110,3007
231000094,37
200000289,3002예약
225000004,100
210000107,77-1
228000238,20
208000005,11-5
222000179,M2341
232000028,2
241007235,8830-1
208000001,15
241007234,8146-1
222000004,202
241003980,8822안정리-인천공항
204000111,7
208000002,15-2
210000106,58-2
208000029,22
214000244,1000
241000070,1319동서울-대소-진천
214000047,29
241100080,8427안산-평택
241000080,8427
214000048,5-1
241007244,N7001
212000005,95
210000109,99
228000286,55
220000025,과천콜버스(DRT)
240000053,4-4
240000045,9-6
240000017,6-1
236000046,57
215000124,2-6
224000056,3201
215000168,50-6
233000021,5-4
204000056,4500
204000065,9607
215000022,58-1
215000023,100-2
214000194,1199
215000024,100-1
224000052,5200
204000059,9507
204000083,100출
204000019,33-1
204000174,810
224000057,3301
241006777,8843마석-인천공항
229000034,70
241005870,8842광주-인천공항
222000195,땡큐90
215000089,82-1
238000033,33-1
240000114,1-6
240000124,6-12
236000197,87-3
240000109,24
240000100,6-4
238000012,38-3
234001742,5401
240000022,6-8
238000009,38-1
240000094,8-8
234001288,23-82
240000176,30-5
234001246,8409
223000100,202
241007233,1716동서울-후포
234001244,9600
238000010,38-5
223000146,C3
223000145,C2
238000013,38-6
241006140,8327수원-천안
231000045,100
238000011,38-7
241002040,9203인천공항-원주
200000196,99-2
233000030,2-3
200000025,92
204000079,380
236000049,138
228000273,970
216000094,511A
204000032,240
234001574,9000-1
215000227,90
204000044,350
216000095,511B
234000002,9000
204000152,반디2
204000149,반디1
233000012,34-1
204000024,9407
233000011,34
200000186,9-1
200000103,9
222000023,55
228000092,93
228000162,93-1
222000031,65
241006932,700-1
220000024,7
229000160,025
208000024,1-1
208000006,11-3
214000080,93
214000254,1183
228000061,91
241000110,1338서초-진천
223000008,7
200000106,46
208000007,1
208000021,1-2
208000036,1-5
208000014,20
208000008,3
208000035,52-1
241005840,8849하남-인천공항
215000153,82-5
222000026,93
233000024,14
215000138,82-7
233000051,1-1
210000064,19
234000079,500-1
233000064,10
233000036,18
239000016,30-1
239000048,71-1
239000143,71-2
239000058,71-3
239000101,71-4
234000075,500-2
222000022,91
241003550,8835안녕동-인천공항
241007072,4100-1
228000081,12
228000018,10-4
228000079,70
229000268,M7154
229000067,600
229000039,567
218000018,88A
231000064,3-3
216000087,70B
216000086,70A
229000038,90
216000093,60B
216000092,60A
232000014,841
240000197,33-3
235000084,90
229000087,56
229000062,38
240000196,33-2
240000195,33-1
239000038,74-1
234000751,28-5
234001209,23-12
234001470,28-43
234001220,20-6
230000185,25-10
234000458,28-8
234001062,22-8
234000452,28-4
234000766,23-3
234001174,28-30
234000451,28-3
234001081,22-21
234001478,22-9
234000449,28-2
234000763,23-2
230000117,20-9
234001468,25-21
230000144,20-61
234001528,20-53
230000143,20-51
234001093,24-45
234001091,24-43
230000130,24-3
230000132,24-11
216000069,13
234001581,24
234000463,23-9
234000770,23-71
234000762,23-1
241006885,1600동서울-남원-남해
241002110,5205원주-전주
229000043,9
228000397,45
241004220,3001의정부-화지리
241004970,8221용인-태백
234001694,3201
241002441,9270-1인천-강릉
241005960,7300의정부-김포공항
239000149,15-5
234001318,M5422
222000190,땡큐70
228000203,24-1
233000374,P9602(퇴근)
219000004,871
241004140,8236성남-영월
214000187,870
214000179,310-1
236000145,68
241007142,8803-2부천-이천
222000191,땡큐10
240000201,33-6
229000076,22-1
230000106,20-31
230000112,20-22
229000243,313
229000264,22-2
229000064,22
229000262,19-1
229000261,19
229000121,15
229000003,12
229000015,11-2
229000085,11-1-1
229000002,11-1
229000101,10
234001736,3302
234000517,29-6
234001106,27-30
234001104,27-20
234001103,27-11
234000538,27
234000530,25-4
241007104,1715동서울-군위
210000001,50
235000083,88
241005340,1228상봉-원주
232000115,8-2
241001730,8395-1서수원-제천
216000068,10-1
232000108,4-2
233000130,73-1
234000875,M4101
232000004,95
231000086,5-2
231000085,5
200000236,32-3
234001488,972-2
241000180,1323서초-대-혁-진천
234001692,522-2
234001397,974-1
233000056,7-1
231000081,10-6
241005980,8829이천-인천공항
223000127,M5532
231000069,3-8
222000046,1670
241004020,8604이천-울산
240000207,1-44
241003820,8710용인-점촌-상주
215000068,61-6
234001566,21-18
215000066,61-4
200000040,7-2
240000211,40-5
210000057,60-1
228000200,81
214000078,87
234001185,28-90
230000181,230
241006819,1349동서울-괴산
228000197,75
234001083,22-30
234000756,22-3
228000029,74
204000070,9007
228000234,73-5
210000006,53
222000016,7-7
234001163,6501
214000070,86
241005890,8844진접-인천공항
235000104,G1200
234000313,1500-2
231000011,1-3
234000042,1113
241001070,8458부천-동아대
207000085,10-2
238000015,39
241001140,8724부천-상주
228000182,5003B
229000035,333
229000060,790
218000002,85-1
241006946,1321동서울-증평-괴산
241006943,1334동서울-노은-충주
241006950,1702서울-안동
241002770,1727동서울-문경-상주한방단지
241000850,1712동서울-상주
241007202,4301
241007201,9301
233000075,340
222000009,9
222000111,9-1
240000122,2-12
233000094,25
235000007,76
240000213,40-3
234001739,6801
214000107,15-3
228000128,73
228000269,102
237000047,920
234001587,901
216000003,71
215000004,50
214000106,3-3
238000045,67-2
217000014,110
241003880,8348수원-보령
217000003,52
200000144,99
213000024,8507
229000276,70-1
241007131,9602인천-울산
241007225,9308인천-제천
214000266,순환121B
233000083,30
210000039,700
241007070,4000
227000037,85
229000269,085
210000086,012
241007195,1102
215000037,1-7
234001079,22-11
241001990,8555오산-광주광역
241004840,8342용인-아산
241007123,8607고양-창원
215000016,57
241006750,1806강남-안성
241003790,8541송탄-평택-군산
241001060,8540부천-익산
241007166,1810
241001960,2204영월-강릉
200000085,98
234001725,175
234001544,930-4
234001232,9-1
222000205,30-8
234000448,28-1
241003900,1732-1동서울-영덕
234001030,35
233000282,H23
210000081,015
240000172,40-11
231000059,35
241000560,1728동서울-영양
241002640,1731동서울-풍양-안계
233000133,116-3
241002450,9531인천-담양
240000058,4-8
240000147,5-6
222000165,169
240000096,5
240000093,9-8
240000126,1-30
241007047,9353인천-천안
215000029,54
240000042,7-1
241002550,9556인천-정읍
234001290,1551B
208000032,87
218000112,M7646
241005900,7100전곡-인천공항
222000073,1700
241007228,8520시흥-광주
241000040,8328성남-진천
241007035,8205여주-원주
241002120,5204전주-세종-원주
241000260,8301고양-대전
241000980,1305동서울-보령
200000101,4-1
232000125,3000C
210000083,013-1
208000064,91
241004950,2803속초-용인
222000180,땡큐12
241000870,1318동서울-제천
208000027,3030
214000154,3-5
222000038,30-9
204000004,6
227000035,9202
241002660,1721동서울-영주
241000410,1714동서울-영천
207000002,72-1
214000256,순환111A
210000023,7-4
235000022,83
229000032,34
241007210,8120서초-고덕자연앤자이
222000168,34
200000051,16-1
228000038,90
234001713,P9402(출근)
249000002,판타G버스
223000022,21
241006660,8738하남-포항
200000311,5300전세
241001360,8525성남-군산
236000149,3200
229000267,922
204000029,200
233000387,H123
228000287,99
234000074,1005-1
204000067,341
200000279,M5443
215000025,1
233000258,8156
236000194,88
204000081,1151
233000311,8000
214000091,89
228000191,73-4
241007238,4300-2
234001402,918-2
228000232,73-2
228000255,10-2
215000131,53-13
228000420,5600(예약)
204000167,117
222000225,8-8B
204000168,111맞춤형
232000065,81-1
216000096,3100N
241003770,8113동서울-테르메덴
240000073,1-3
219000015,921
234001618,3
228000160,9-2
210000061,66
219000014,77
241004980,8320용인-서산
224000046,37-1
228000174,5000B
241000900,1325동서울-충북보건과학대
228000388,5000A
241007103,8727성남-포항
234001533,29-11
234001168,24-46
241006926,3030킨텍스-인천
234001585,29-13
200000185,13-4
234001698,15-3
208000063,M5333
234001668,M5342
231000034,60-3
214000271,1154
241004690,7803동대구-이천
223000082,111
229000028,200
223000147,C4
214000193,80-1
227000044,89
226000023,01
214000083,91-2
229000272,2200전세
226000026,07-1
241006837,9511인천-고흥
218000113,017B
241006988,9500인천-고창
226000027,02 오매기
229000266,9709A
241004780,8201향남-강릉
233000347,H120A
222000177,105
222000192,1006
241001590,8435성남-동아대
241007109,7701-1포항-예천
216000080,88-1
239000104,8005
241006974,8456의정부-동아대
233000328,G1003
233000369,H160
233000340,H102
233000379,H100
225000010,32A
241006823,8331고양-음성
234001711,P9401(출근)
218000007,1001
232000056,90
241000970,1612동서울-현풍-의령
234000813,35-6
241000200,1718강남-안동
241007206,3301
228000250,10-1
204000156,9800
233000281,205
224000020,26
241004280,3000동서울-신철원
208000015,5-2
208000017,51
208000030,52
210000033,23-2
240000174,G9311
210000014,5
208000013,6
204000153,9400
204000141,9200
234000824,34-1
238000026,70-2
204000114,74
234001644,971-2B
241007158,8008강남역-동아방송대
234000453,28-41
234001463,22-7
235000004,77
221000032,75
200000193,5300-1전
241005970,7200의정부-인천공항
241006895,8333고양-논산
241006806,8460고양-안산
221000031,8
236000009,56-7
241006370,700
233000386,화성똑버스03
214000261,평택똑버스01
241006810,3801천안-하남
235000021,82
234001211,23-41
214000043,순환121
241003270,3308대전-충주
208000025,10
228000417,25
200000045,7-1
200000321,수원똑버스01
241007027,3307대전-제천
204000106,8-1
241007026,3306청주-충주-제천
234001721,165
241007245,3905오송역-인천공항
241007024,3304충주-제천
239000124,60-39
200000202,61
239000013,30-6
234001719,160
241006927,1723강남-구인사
241007023,3303청주-음성-충주
208000004,11-2
229000260,19-2
229000258,19-5
233000388,화성똑버스02
223000133,8(학통)
200000104,3000
200000262,G5100
215000200,90-3
200000205,8800
200000274,3008
234001609,500-1A
232000131,70D
232000121,70
232000130,70C
232000129,70B
232000128,70A
233000325,7200
225000008,32
222000170,21
200000325,M5443
222000034,30-4
222000139,30-16
204000113,32
229000149,088
229000148,087
241006760,8510수원-여수
229000133,37-2
229000132,37-1
223000085,760
229000251,75
240000186,77-11
233000086,38
213000027,102
200000269,123A
228000277,10-7
228000208,76-4
213000011,11-2
241007108,7601
213000007,11-1
216000046,5609
241007111,7702-1
241007112,7701
241007113,1713
218000020,M7129
233000141,201
241007116,1708동서울-봉화-춘양2
213000006,1
218000111,999
241007119,1503
232000089,90-1
241007121,6804-1
241007122,8514
241007124,8713-1
241007125,8722-1
241007126,1710-1
241007127,6701창원-구미
241007128,6701
234001717,P9403(출근)
214000168,6
239000012,80
234001715,P9404(출근)
234000039,114
234001245,M4108
239000154,60-30
241003150,1346서초-천안
234000995,M4403
239000047,60-29
233000040,6
204000082,G8110
222000056,167-1
233000270,4108
200000293,3003예약
233000265,4403
239000079,23
239000002,50-5
234001659,522-1
239000120,60-19
241005000,8363부천-인천-공주
239000121,60-10
216000061,3102
234001729,8200
231000108,35-2
204000086,88-1
223000128,11(학통)
241000050,9321인천-진천
204000144,110
226000025,05-1
226000028,02 의왕역A
228000415,6-1
235000081,19-1
241000140,8330고양-진천
241000160,1222서초-감곡-원주
241006973,8455고양-안성
241002150,8436연천-이천
241001220,8434평택-부천
221000033,1680
234001180,28-42
234000035,15
204000164,73-2
241000280,8802
241006822,4714성남-김천
241002570,8830인천-동아방송대
241006825,4405김포-성남
241006830,8352
241006833,3600천안-부산
241006835,5403광주-동두천
241006836,4516수원-순천
226000029,02 의왕역B
227000048,36
228000385,94
241000880,1347동서울-세명대
236000061,138-5
234001018,38-1
233000131,6001
234001015,38-22
229000083,9030-1
232000102,7-2
232000088,3-1
216000043,3101
234000468,21-4
241001020,1354
232000100,7
222000211,5-2
240000020,3-2
234001286,M5115
240000140,3-20
234000693,984-1
234001741,8301
208000012,88
210000060,23
218000001,85
214000255,8000
218000105,M7731
200000323,7780(퇴근예약)
222000184,M2344
212000006,16
230000097,25-6
230000087,22-6
230000131,29-10
230000120,29
216000023,80C
200000206,5-4
241002340,8702이천-점촌
210000093,77
210000072,58-1
210000041,58
233000199,17
200000133,32-2
200000065,32-1
214000156,1731
236000232,88-1
223000105,9
214000270,순환123B
214000169,313
215000012,53-1
234001426,8401
204000162,360
232000095,21
236000182,75
215000226,6
236000012,53
215000028,58-4
215000144,62-5
215000019,58-2
215000165,56-9
233000280,H6006
215000102,55-6
215000081,55-3
215000080,55-2
215000148,55-16
215000134,55-10
215000170,55-1
234001029,35-21
234000046,660
200000285,7780(예약)
200000284,7770(예약)
241004860,8423
241004880,8424
241004750,8218
241004830,8210수원-강릉
241006661,8857
241004920,8478고양-부천-에버랜드
241004940,8432
222000218,땡큐31
228000419,4401
236000217,77
236000141,3
236000218,3-1
234000316,60
241001150,8370부천-수안보
241006897,6201마산-강릉
241101640,8387-1수원-충주
234001702,38-27
241001940,8325여주-청주
241001680,8324수원-충주
241001530,8323성남-수안보
241002970,8316이천-음성
241003470,8309하남-대전
241006856,8308안성-청주
234001700,38-25
241006815,8304성남-구인사
213000010,22
213000005,17
241006985,3209대전-원주
241006860,3205충주-강릉
241007019,3204청주-원주
241000760,1506동서울-군산
232000087,3
213000004,12
241001340,8146서초-동아대
240000138,5-88
207000105,G6000N
213000014,11-3
213000008,11
241006902,7804동대구-여주
227000043,35
213000017,2
230000101,20-1
236000041,56
239000106,50-6
241004260,3005도봉산-와수리
234001012,39-5
234001056,39-2
234001009,39-4
234001665,2-5
233000283,H2
234001485,971
241006788,3311대전-천안
241004910,2804춘천-용인
223000027,707
200000037,13
223000056,708
228000175,5005
233000005,330
241006935,1212동서울-원-태백
223000032,701A
236000209,86-1
200000049,112
229000116,77-1
241007149,6805용인-울산
241001860,8519안양-목포
241006979,8711-1성남-예천
241007086,8804성남-평택
229000253,75-3
241007114,8726동두천-동대구
241001480,8817성남-여주
241003950,3904청주-김포
241006796,8725용인-포항
241007115,8739하남-동대구
241004650,8362하남-청주
241001750,8378-1안산-단양
241006889,8837동탄역-인천공항
228000268,65
234001622,M4137
230000122,25-1
214000258,순환311
227000003,30
227000006,30-3
200000297,8800예약
229000163,073
233000126,33-2
240000193,7-6
241000220,1703강남-영주
233000390,H24
240000044,7-2
234001577,M4130
200000296,5100예약
200000277,123D
200000290,3007예약
210000075,98
240000081,8-2
230000086,24-61
240000133,1-18
210000088,017-1
234001243,M5107
234000310,1009
234000015,1007
234000130,1303
241001820,8312안성-천안
241003430,8314고양-보령
241003160,8321성남-남서울대
241001200,8341부천-청주
241006966,8347고양-청주
241002971,8353이천-음성
241001681,8361수원-충주
241006853,8522부천-광양
241003620,8536이천-군산
241000290,8537고양-안산-군산
241001080,8539부천-전주
200000259,27-3
200000256,27-2
200000260,27-5
238000025,70-1
241003280,1336동서울-감곡
240000206,1-45
234000505,15-1
238000046,67-3
234001040,34
238000024,70
234001515,971-3
228000220,76-6
240000130,1-42
231000068,3-7
241007236,8459-1
234001057,39-8
234001013,39-7
241007237,8153-1
240000209,40-7
234001706,2-6
241006952,9201강릉-인천공항
234001001,39-6
234001022,38-81
218000005,3200
223000005,8-3
234000545,27-31
241007218,N5300-1(성남-인천공항)
241001800,8378안산-제천
241002000,8391오산-제천
228000411,6800
241001370,8711성남-점촌-상주
241006964,8302대전-안산-시흥
216000082,80B
232000071,M6117
232000075,M6427
241000270,8503고양-정읍
210000108,G8808
241004640,8705고양-포항
241004000,8718의정부-포항
241006980,8724-1부천-상주
232000105,이음1
241007067,8740안산-충주-점촌
241006887,8747고양-상주
241003090,8801인천-이천
241006972,8802-1고양-여주
241002800,1709동서울-경북도청
234000311,7007-1
241000570,1725동서울-주왕산
234001726,185
204000165,66
215000142,62-3
222000185,M2344
234001584,12-3
220000022,8
234001583,12-2
220000023,8-1
234001582,12-1
233000356,P9110(퇴근)
207000003,1-9
236000202,89
234001611,6
234001689,200
237000052,110
233000355,P9110(출근)
232000120,11-1
236000229,1-1
234001642,930A
241006803,8601고양-울산
241006986,8605부천-서부산
231000122,8-2
241000670,1324동서울-제천
241000430,1322동서울-무극-음성
210000012,70-2
241006842,8606부천-서부산
241007085,8807안성-여주
241006983,3812천안-여주
241001910,3811청주-양평
231000018,1-1
241006991,1224동서울-양양-속초
241006992,1225동서울-양평-횡성
231000119,10-7
241003750,1332동서울-맹동
231000126,1-5
241006844,1337동서울-당진
241007156,1344-1동서울-수안보
241006944,1344동서울-충주
241007014,1202동서울-홍천-속초
241000240,2100춘천-강남
241000190,1331서초-대소-무극-음성
241001570,2806춘천-성남
241002560,8815인천-평택
234001047,946
241003860,9202태백-인천공항
241005930,8928여주-인천공항
234001371,995
240000077,5-1
241002270,8813인천-이천
241007160,8808이천-양평
237000084,992
234001396,974
241001030,8722부천-안동
234001046,945
234001373,935
234001107,27-40
241007134,7603동대구-울산
234001672,930-7
234001671,930-6
222000105,M2316
222000186,105-1
222000169,1003
222000107,1001
234001511,1000-1
234000873,100
222000058,1
240000007,2000-1
241007097,8511
241006776,8713고양-안동
233000362,P9530(출근)
214000192,98-1
241007075,4200-1
241007081,1316동서울-제천
200000148,35
236000137,7-2
241002860,1704동서울-영주
214000053,98
231000111,7-8
214000166,940
239000059,40-11
222000221,170
241001000,1302동서울-수안보
214000184,83-3
214000183,83-2
236000040,55-2
241001160,8241부천-속초
214000058,83-1
229000022,900
234001643,930B
216000030,501A
224000027,26-1
216000041,5
224000010,63
233000363,P9540(출근)
241007071,4100
224000059,70
210000040,57
224000022,29
210000002,12-1
216000035,71-1
200000322,7770(퇴근예약)
234001516,1113-2
234000095,9
232000016,69
241006862,8865부천-향남
241006400,9273인천-강릉
241000930,1345-1동서울-충주
241001980,1345동탄-충주
232000111,G6003
241006981,1356동서울-충주
241003870,1504동서울-영광-진도
241000420,1505동서울-해남
210000019,6
241004420,3211당진-원주
232000061,3000
241007083,2808고양(백석)-삼척
231000125,2-11
241006925,2805고양-삼척
241004400,2800원주-평택
210000046,6-2
241004680,2807춘천-이천
241002090,9275인천-원주
241006982,9338-1인천-수안보
241102580,9338-2인천-수안보
241000500,1705동서울-상주
232000117,G6004
236000215,60-2
228000176,5001
241007161,8304-1하남-제천
233000385,화성똑버스01
228000177,5001-1
236000117,1
228000389,5003A
216000074,7
214000272,1456
241001460,8351성남-천안
224000060,27
217000009,32
241006010,8834안성-인천공항
241006894,8864평택-인천공항
236000228,77-1
210000024,8
224000030,36
216000047,5602
234000003,30
224000058,60
231000028,7-3
224000040,5604
240000095,4-11
204000137,S3355
241004810,8366
241006901,8355의정부-세종
214000056,83
231000133,7-9
222000027,97
241007231,3301
223000140,C1
208000020,9-3
214000160,810
241002700,8224평택-강릉
208000019,9
241006812,8202이천-강릉
241007034,8200안양-원주
233000032,7780
214000055,81-1
233000031,7770
241007163,9506인천-완도
214000262,1155
210000087,017
214000052,80
234001186,28-91
215000014,55
222000072,166
229000161,082
240000057,4-9
232000092,7000
240000059,4-10
241007082,8803부천-이천(청강대)
241004040,1800강남역-이천
229000152,036
234000041,330-1
240000127,1-31
214000253,33B
241003400,8154서초-평택항
240000177,40-6
241006020,3700의정부-김포공항
241007138,1711동서울-점촌
241006871,9346인천-증평
222000076,7007
200000039,7
222000075,2000
222000122,2000-1
226000011,08
221000025,96-1
226000002,03
241002580,9338인천-수안보
229000001,11
241006850,9807인천-여주
222000006,71
214000195,10
214000006,1522
214000226,5-5
214000228,5-3
214000014,1311
228000412,M4455
233000320,340-2
233000117,340-1
204000146,누리2
204000076,382
231000106,100-3
214000085,94
228000233,73-3
216000097,N60A
231000067,3-5
240000203,1-14
228000082,92
228000168,6
228000204,24
215000055,60-3
241006961,8241-1안양-속초
241004460,8284철산역-속초
241003640,1701강남-경북도청
223000107,32
241002230,1216동서울-영월
214000171,302
228000013,22-1
229000025,3
229000088,52
228000396,100
228000148,3
204000060,103
215000062,82
228000108,95
215000119,2-1
222000048,166-1
235000085,1100
214000245,1361
213000016,101
240000187,22-9
239000147,15-2
213000009,39
213000003,27
215000233,91-3
236000176,3500
235000024,81-1
213000002,21
234000461,20-4
234001133,21-30
239000146,15-1
236000242,31
234000438,23-81
236000070,66
241004390,8230안양-원주
236000243,100
239000024,1330-44
239000111,1330-4
239000135,1330-3
241002500,9740인천-상주
241003890,9803인천-평택
232000070,22
229000150,034
234001734,935B
234001733,935A
231000031,15-3
214000227,5-1
214000224,55
214000249,88-3
214000202,77-1
214000240,16-1
214000198,16
214000197,15
208000067,33
234000553,35-1
241004890,8165
231000073,2-5
234000324,1550-1
231000012,2
241006360,8467
240000003,1-4
233000081,24
233000060,11-2
241007216,N7000
231000074,2-6
233000252,710
227000050,하남똑버스02
227000049,하남똑버스01
215000139,62
231000030,15-2
231000109,15-4
228000199,24-2
233000128,712
229000042,92
240000157,22-4
240000069,1-9
234000028,10-5
240000039,10-2
240000175,10-7
240000033,2-1
214000005,1215
233000274,39
216000064,310
241000340,8311고양-천안
234000314,6004
228000055,22
228000010,670
228000002,10
215000152,58-10
236000056,2-1
234001621,320
234001553,981-4
204000175,812
239000151,91
234001252,949
234001650,948A
222000206,26출퇴근
234001652,947B
215000053,60-1
234001676,916-1
234001662,38-41
234001703,38-40
234001017,38-21
234001138,1551
241006190,1309동서울-천안
241006200,1312동서울-아산
215000222,4
204000099,10-1
215000118,2
234000525,25-2
214000046,27
212000001,88
234000007,5
214000199,99
241000320,8246고양-원주
200000031,300-1
233000254,203
218000130,67
235000103,8906
234001708,1552
234001251,1311
241006987,1342강남-아산
204000169,88
233000253,150
207000053,31
235000099,22
215000070,53
240000102,7-9
234000456,28-7
216000007,123
241006880,3903북부-인천
232000067,388
214000147,7-5
214000017,7-4
210000103,56-2
215000009,52-1
241007196,4201
234000455,28-6
228000019,88
233000375,P9701(출근)
228000214,82-1
241007146,8131-2서초-안중
228000133,82
233000366,P9541(출근)
234001538,28-54
230000183,250
230000182,240
234001182,28-53
234000454,28-51
234001614,24-33
228000021,8
228000249,690
239000083,32-26
239000085,31-19
239000086,33-19
239000087,33-20
239000088,33-21
239000089,33-22
239000090,33-23
239000091,33-24
239000092,33-25
239000093,33-26
239000094,33-27
239000095,33-29
239000096,33-30
239000097,33-31
239000098,33-32
239000099,33-33
239000100,33-34
241001190,8524부천-전주
239000102,33-36
239000103,100
241002180,8529의정부-전주
239000105,200
239000107,31-21
239000108,31-22
239000109,31-23
239000113,31-19
239000114,33-50
239000115,33-51
239000116,33-52
239000117,33-53
239000118,33-54
239000122,50-3
239000123,50-4
239000126,32-2
215000122,2-4
232000098,8601A
214000013,57-1
241007133,7603-1동대구-방어진
214000250,7-8
214000003,3-1
241007136,1317동서울-구인사(경기2)
214000002,3
214000163,3-2
238000022,38-9
210000029,23-1
241007145,8131-1
231000082,10-4
214000034,57-2
214000012,57
238000023,38-10
241007154,8440-1부천-청강대대
241007155,8436-1동두천-이천
216000020,38
241007157,6202-1
217000012,350
241006955,1809동서울-여주
241002610,8105잠실역-청강대
241007162,8204하남-원주
236000052,72-3
228000421,5001-1(예약)
241006270,8339안양-태안
215000129,53-11
241006330,8860
236000066,33
215000228,53-2
215000074,53-8
224000045,37
241006420,9320인천-진천
241006430,8357부천-청주
241006460,8723부천-대구
232000009,81
232000090,G6000
200000183,400-4
232000106,이음2
240000194,33
241006530,8810
241006540,8816
241003730,8261부천-원주
236000234,1403
234001712,P9401(퇴근)
240000208,1-32
241006838,8345
241006839,1500동서울-김제-부안
223000019,71
234001237,8106
231000121,20-1
208000066,G9633
241006846,8286파주-강릉
234000051,3500
234001003,37-2
232000124,3000B
241006851,7002잠실-유명산
241006852,7802
232000123,3000A(전세)
224000054,3500
234000309,9301
214000054,82-1
231000040,20-3
214000170,82-2
214000069,82-3
234001559,24-47
214000060,84
241007198,1301
234001254,38-19
239000127,33-24
239000128,31-1
236000146,67
239000130,33-19
239000131,33-8
239000132,32-16
236000015,63
232000122,2000
241003460,2501홍천-광주광역
238000048,G2001
241003480,8322
234001188,29-22
241003500,4705용인-안동
236000039,60
241003600,3300성남-전곡
215000013,53-5
200000266,19
233000095,26
239000137,30-9
241003700,4305성남-이천-대소
241001170,8545부천-안양-전주
210000007,56
241003740,8814
234001612,7
234001586,29-21
234000478,29-2
241003810,2301원주-당진-태안
234001187,29-12
238000028,37-1
229000143,92-1
228000136,2
227000036,87
229000136,20-1
241004430,8712
241004450,4701성남-상주
241006977,8507고양-정읍
224000014,30-2
229000138,20
214000028,100-2
241007110,7702포항-예천
216000019,31-7
229000238,7701
241004710,4300
241004720,4000
241004730,4200-1
241004740,4100
231000072,3
241004770,8443
231000042,20-6
224000012,30
234000024,720-1
233000084,330-1
240000117,1-13
241006610,1235동서울-속초
241006630,1236강남-속초
234001023,38-82
204000057,3330
234001196,20-11
232000029,88
241006740,8284철산-속초
234001714,P9402(퇴근)
235000105,99
240000148,1-23
234001718,P9403(퇴근)
215000151,58-9
222000174,99
234001078,28-71
241006780,7001잠실-청심병원
228000181,1241
234001691,1311B
241006785,1804강남-이천
233000367,P9541(퇴근)
234001159,M4102
234000460,28-56
241006791,4200
236000245,138-1
234000459,28-9
200000310,5200전세
234000495,947A
241000440,1711동서울-문경-점촌
241000450,1708동서울-춘양
234000070,8
214000018,1220
241000490,1612-1
238000032,33
241000520,1601
234001405,981-2
230000140,28-81
234001206,20-33
234001282,21-16
234000586,35-5
237000077,981
241000710,1720동서울-원주-안동
234001651,948B
230000123,28-70
241007147,8848하남-강변역-인천공항
241006861,8430안산-수원-증평
241003420,8459안산-안성
241006864,1737강남-영덕
234001673,930-5
234000457,20-3
241006870,1240동서울-춘천-양구
207000004,10-1
207000088,1-3
233000353,6002-1B
241007217,8216
207000021,7
241006855,9500(인천공항-정읍)
223000010,7-5
233000338,P9302(출근)
241007078,3805
233000336,P9301(출근)
241007080,3210
233000339,P9302(퇴근)
241007084,8397
241007089,6203창원-원주
241007096,1357김포공항-연무대(논산)
236000199,87-2
222000208,105-2
241004850,8839
207000097,12
233000382,H130
240000192,3-1
234001194,29-31
204000104,109-1
207000033,23
241103010,2801인천공항-강릉
241103250,9343
241105900,7100-1동두천-인천공항
241106360,8467
241106430,8358부천-청주
241203010,2801인천공항-강릉
241005630,8281인천-철원
241005660,1232동서울-화천
241005680,8245평택-춘천
241005730,8257수원-서수원-가평
241005760,7000잠실역-청평
231000033,60
241005860,3805인천공항-충주
216000089,6501
204000163,310
231000135,7-11
241006797,1348서초-충주
241006798,8502문산-광주광역
216000077,6
241006800,1332서초-충북보건대
239000119,50-3
241006805,9501
223000141,7(학통)
222000049,1660
223000131,30(학통)
222000050,51
241006813,1719
241001500,1203동서울-강릉
219000021,72
223000129,12(학통)
233000329,G8157
239000046,50-2
239000027,50-1
239000129,41
240000165,88-3
240000166,88-4
240000167,88-5
240000168,88-6
218000125,75
223000142,11(학통하교)
241007242,8840동탄2-김포공항
235000090,365-2
235000091,701
239000141,7002
239000140,7001
241006882,5202순천-춘천
241006883,6202김해-원주
234000050,1650
234001236,8109
241006888,4300-1
234000886,9300
241006891,9242인천-춘천
214000148,99
241006848,8527
241006896,8584부천-구례
234000061,116-1
241006898,3212
241006899,9502
207000070,3100
241000780,1301동서울-월악산
241000800,8142
216000016,62
236000235,90
214000072,85-1
214000067,85
231000118,380
223000132,201
241007099,1350동서울-영동
241007100,1719-1
234000016,1112
210000090,51-1
233000332,M4448
210000085,013-3
230000184,3401
241002820,8518성남-광양
210000082,013
200000119,7001
241002490,9810인천-평택
210000091,51-2
210000089,51
241006814,2801삼척-성남
241003000,4800
241003010,2801인천공항-강릉
222000219,땡큐32
241003110,9553-1
231000023,1-9
222000213,1670-1
241003250,9343-1